,timestamp,tweet_text,username,all_hashtags,followers_count,favorite_count,retweets_count,length_of_tweet
0,2020-06-23 11:54:20, Wise decision not to fight against INDIA   still u have an opportunity try ur best against  ,SamirTr59122837,"['China', 'Pakistan', 'india']",2,0,0,93
1,2020-06-23 11:54:15,On  at 9:00 AM ET to talk about  . Is the Chinese economy strong enough to allow Beijing to meet its Phase One purchase commitments?,GordonGChang,"['China', 'trade']",111645,2,1,132
2,2020-06-23 11:53:45, Kashmir is in safe hands ofWho arein the hands of  minorities in   in ://t.co/gpf52M9jy4,TwilightBlithe,"['China', 'Kashmiris', 'India']",425,0,0,89
3,2020-06-23 11:53:35,  agree to take measures to ease tensions after commander level talks. Further dialogues and discussions shall be maintained. ,libijian2,"['India', 'China']",5971,0,0,126
4,2020-06-23 11:53:33, to  after  's  launched  ,deepusin,"['China', 'covid_19', 'ramdevbaba', 'Patanjali', 'coronil']",116,0,0,26
5,2020-06-23 11:53:25," You and your minions make xenophobic/ racial comments about this virus, at least  is TESTING and trying to stop this virus instead of trying to kill off its people!",DDs_Voice,['China'],1456,0,0,165
6,2020-06-23 11:53:17,Reality of  and ... ,UPSpeakes,"['China', 'Pakistan']",3441,2,0,20
7,2020-06-23 11:52:59," Covid19 Free ?Chinas Meat Fears Spill Over to Soy With Virus-Free Request  [""""]",GG56114,"['COVID19', 'china']",797,0,1,80
8,2020-06-23 11:52:54, Useless propoganda Video of ,Tannu21s,['China'],21,0,0,29
9,2020-06-23 11:52:39,"    It cannot be avoided. Every political entity has a Founding myth. The  has multilateralism, which forbids taking sides.  could do worse than Pol Pot and the  would NOT cut the chord.",gbponz,"['EU', 'China', 'EU']",2975,0,0,186
10,2020-06-23 11:52:30, update: Sources said discussions are likely to continue and a plan for de-escalation will be drawn out. Right now  has built up the. observation posts including troops deployment between Finger 4  Finger 8 of Pangong Tso region.,NoraVerystrong,"['Laddakh', 'China']",6982,10,1,229
11,2020-06-23 11:52:21," With  as  are melting, Today or Tomorrow  is going to fight with  for  -the cradle of .     ",lucanojade,"['ClimateChange', 'glaciers', 'India', 'China', 'Tibet', 'Himalaya', 'FreeTibet']",104,0,0,93
12,2020-06-23 11:52:03,Jokes..     ,krishna88721851,"['politidk', 'PoliceViolence', 'hajj2020', 'China', 'MEMES']",1,1,0,12
13,2020-06-23 11:51:22,    The whole world is our ally. Your master  has been shunned by the World and is loosing dominance as we speak. Heard of ? Its just a matter of time that  loses more territory and dominance. Once that happens who will save  ass. Whom will you begging from?,IndiaPlay,"['China', 'Taiwan', 'China', 'Nepal']",10,0,0,258
14,2020-06-23 11:51:20,"Nobody can say fmr Supreme Court Justice Louise Arbour is absent a moral compass. She has determined that the  gov't has a legal path to cut  loose, liberating the Two Michaels from captivity in   ",charlesadler,"['Trudeau', 'MengWanzhou', 'China']",46696,3,1,197
15,2020-06-23 11:51:17, trade adviser  says  trade deal is 'over' ,CBNews_online,"['WhiteHouse', 'PeterNavarro', 'China']",122,0,0,43
16,2020-06-23 11:51:10,"   1st in line to obediently push  lies, following instructions from USA.These obedient 'journalists' really are SCUM, happy to pay their mortgages on the back of WW3. ",Attaphia,"['China', 'USAroguestate', 'ColdWar', 'Guardian', 'AntiChinaPropaganda']",5709,0,0,168
17,2020-06-23 11:51:07," occupies  village, land Deafening silence from Oli govtchina removed the boundary pillars to legitimise its annexation, with an ulterior aim to seize complete control.",iKarmik,"['China', 'Nepal']",6927,0,0,168
18,2020-06-23 11:51:07,"  lies all the time, no surprise ",BELwhatslife,['China'],96,0,0,33
19,2020-06-23 11:51:04,"   Xi eyes more stable, China-EU ties in post-pandemic era  ",news_ghana,"['China', 'ChinaEUties', 'ChinesePresidentXiJinping']",29891,0,2,60
20,2020-06-23 11:51:02,"Tencent is now the 7th most valuable company globally, worth $613B, doubling in value since a low in 2018    ",TomMackenzieTV,"['China', 'tencent']",4670,1,1,109
21,2020-06-23 11:51:00,Satellite images show Chinese activity at India's Himalayan border before clash.         ,TPE_connect,"['India', 'China', 'IndianArmy', 'PLA', 'Ladakh', 'GalwanValley', 'IndiaChinaBorder', 'ChinaIndiaBorder']",951,0,0,89
22,2020-06-23 11:50:56,Is  worried about cancellation of contracts given to them by  ? Of course they will be. After all they have given 97% tariff exemptions to  . Chinese Profits will be affected for sure.     ,hinnaonenonly,"['China', 'India', 'Bangladesh', 'RIC', 'IndiaChinaFaceOff']",25,0,0,189
23,2020-06-23 11:50:54,NEVER TRUST CHINA.  is a Rouge Nation  a backstabber. China's  party is the new Nazi Party of 21st century  Xi Jingping is the new Adolf Hitler.         ,OfficialTanishk,"['China', 'CCP']",1022,0,0,153
24,2020-06-23 11:50:41,Are you believing  ?  ,smartnawin88,"['coronilTablet', 'Patanjali', 'China', 'CORONIL']",1719,0,1,22
25,2020-06-23 11:50:40,Visit the  website and read a few practical tips to avoid soil erosion...                ,sieusoil,"['EU', 'China', 'EU_H2020', 'EUAgri', 'H2020', 'HorizonEU', 'Intelligent_soil_monitoring', 'MissionSoil', 'Soil_science', 'Soil', 'EIPagri', 'EIPAGRI_SP', 'innovation', 'farming', 'SoilBiodiversity']",200,0,0,89
26,2020-06-23 11:50:31,"In  2020, a spark of conflict re-ignited a long-standing border dispute between  and .How can the two nuclear powers de-escalate the tensions?Our article: ",tngorder,"['May', 'China', 'India']",15,1,0,155
27,2020-06-23 11:50:05,After an 80 point overnight range our system is poised to reverse to long across the board at the open. This is a nervous market but climbing the    . $NDX techs continue to lead. $GLD    $TLT $ZN $TNX $ZB $TYX $NQ_F $ES_F $VIX $SPX,FuturesCts,"['Covid', 'China', 'WallOfWorry', 'Trading', 'stocks', 'Futures']",79,0,0,232
28,2020-06-23 11:49:26, Useless .   ,skoushik351,"['BJP', 'china', 'chinaindiaborder', 'ModiStrongestPmEver']",457,0,0,13
29,2020-06-23 11:49:08,President  Admin Shuts Down Radio Station Run by Chinese Propaganda Outlet  denies  TV license after  exposed stations  ties BOOM    ,ouchinagirl,"['FCC', 'Phoenix', 'China', 'ChinaMustPay', 'ChinaGetOut', 'ChinaVirus', 'Trump2020NowMoreThanEver', 'KAG']",68488,4,5,133
30,2020-06-23 11:49:02, So will  obey LAC now?,lnvsagar,['China'],30,0,0,23
31,2020-06-23 11:49:00," If  wants to side with  they must remember that they have already trained Pakistanis on how to fool s-400 free of cost, making it useless for us in futureKeep siding with , your all technology will be ripped to zero value in similar way",MKSishere,"['Russia', 'china', 'china']",17,0,0,237
32,2020-06-23 11:48:55," promoting multilateralism at  is amusingly duplicitous. In  1 million  are in 'education' camps. People in ,  do not have religious freedom and suppressed violently for expressing views.     ",sam4mind,"['China', 'UNHRC', 'Xinjiang', 'Uighur', 'Tibet', 'HongKong', 'GlobalTimes']",3,1,1,192
33,2020-06-23 11:48:49,END OF CORONA CHINAVIRUS  ,nahata_u,"['CORONIL', 'China']",118,1,0,26
34,2020-06-23 11:48:45,"Several legislators today (Tuesday) urged local authorities to negotiate the easing of travel restrictions between Macau and other cities in Guangdong Province, apart from Zhuhai.      ",Macau_Business,"['macau', 'travel', 'restrictions', 'china', 'guangdong', 'health']",3173,0,0,185
35,2020-06-23 11:48:27," To Save ""Bullets"" \'s  Have UsedWoolf\'s ToothIRON RodsNail Studded Iron RodsStones With   Left With Death Of 43 Of OWN!!!.Putting Up Of Brave Face Now With WET Pants Due To  Campaign Too!.Best ""Fighting"" Neighbor!  ",RRaaavvv,"['China', 'PLA', 'IndianArmy', 'BoycottChineseProducts']",282,0,0,217
36,2020-06-23 11:48:27,    : 's comment about 's interaction with  proves he does not understand . Even  has a  mentality As .  is incompetent  should be fired!!,collam1020,"['AttorneyGeneralWilliamBarr', 'CorporateAmerica', 'China', 'Capitalism', 'MeFirst', 'POTUS', 'Barr']",671,0,0,138
37,2020-06-23 11:48:07, statement last night on  trade deal coupled with tepid defense by  plays into hands of those in China whom are wondering why work so hard to implement the deal if its fate is uncertain at best.,wendyscutler,"['navarro', 'China', 'Trump']",2005,0,0,194
38,2020-06-23 11:48:07,"Top diplomats of ,  and  hold online meeting ",CGTNOfficial,"['China', 'Russia', 'India']",13932323,28,9,45
39,2020-06-23 11:48:00,"US carriers return to challenge  in the Western Pacific, two American carrier strike groups have begun patrolling together in the Western Pacific.",NoraVerystrong,['China'],6982,37,7,146
40,2020-06-23 11:47:59," On duty sleeping, that is the mean Chinese soldiers.  ",ManishS39533396,['China'],5,0,0,55
41,2020-06-23 11:47:44," update in . New cases confirmed 30, new recovered 16, new deaths 1. Total cases in China confirmed 84640, recovered 79552, deaths 4640. +0.10% daily cases increase, 84 reported today UTC time.",CoronaSpread,"['coronavirus', 'China']",192,0,0,193
42,2020-06-23 11:47:14,Right now the most hated country in the world just gave another reason to hate them.    ,introvertilahi7,"['china', 'disgustingchina', 'inhumanity']",6,0,0,88
43,2020-06-23 11:47:09,"He said that  cannot be permitted to get away with this ""unacceptable usurpation"" of \'s land.  ",ians_india,"['China', 'India']",48862,0,0,96
44,2020-06-23 11:47:04,"  , the CEO of puppet  backed regime herself not sure about the draft content of  . Who else?  occupation of HongKong must be resisted. ",Jacobwilson_1,"['CarrieLam', 'CCP', 'NationalSecurityLaw', 'China', 'StandWithHK']",60,0,0,136
45,2020-06-23 11:46:59,Hong Kong Chief Executive Carrie Lam has stated today that technical issues have delayed the implementation of a travel bubble including the two SARs and Guangdong Province...    ://t.co/trvP9ULJqK,Macau_Business,"['hongkong', 'macau', 'china', 'travel', 'health']",3173,1,0,197
46,2020-06-23 11:46:47,"The  acknowledged   comments on  border, saying they would pave the way for de-escalation. Here's a summary on how  perceived 's speech. ",theideastoday,"['ChineseMedia', 'PrimeMinister', 'NarendraModi', 'India', 'China', 'Modi']",12,0,0,137
47,2020-06-23 11:46:32," , agree to reduce tensions after  clash ",NST_Online,"['NSTworld', 'China', 'India', 'deadly']",714589,3,4,41
48,2020-06-23 11:46:29,"Accusing PM  of destroying 's position and betraying the  by admitting that  did not occupy Indian land, former Congress President  once again launched a scathing attack on the government over the  LAC face-off. ",ians_india,"['NarendraModi', 'India', 'IndianArmy', 'China', 'IndiaChina']",48862,0,0,212
49,2020-06-23 11:46:15,"Millions of  and   are being imprisoned in , and it's only getting worse. Here's what we know about this Cultural Genocide. / ://t.co/aBGQRvbAd9",begumciftci1,"['Uyghurs', 'Turkic', 'Muslims', 'China', 'SaveUighur']",111,0,0,144
50,2020-06-23 11:46:01,"This will make India proud through out the world   will fail againThis deserves an applause, congratulations  this, victory !! ",merohitkapoor,"['china', 'CORONIL']",23,0,0,127
51,2020-06-23 11:45:57, This is my hometown ,g_thuang,['China'],3,0,0,21
52,2020-06-23 11:45:57, notified  on January 3.  botched the response because he was focused on  and . He cant change that. ,DonnyDeplorable,"['China', 'US', 'rallies', 'golf']",198,0,0,101
53,2020-06-23 11:45:43,AFRICAN IMAGINATION      ,Souls_Man86,"['hajj2020', 'COVID19', 'TuesdayMotivation', 'RutosDownfall', 'China', 'tuesdayvibes', 'AllLivesMatters', 'lockdown']",119,0,0,25
54,2020-06-23 11:45:43,Yessss!!! You are right he's from that unit...China's worst nightmare         ,desertcorpion19,"['Ladakh', 'worldwar3', 'China', 'india', 'IndianArmy', 'IndiaChinaFaceOff', 'CKMBK', 'IndiaPushesBackChina']",49,0,0,78
55,2020-06-23 11:45:27,Increasing our partnership with  and  as well as  partners is a natural response to the challenges posed by  exceptionalism and  complacency ,Dpol_un,"['China', 'India', 'BRICS', 'US', 'EU']",7260,2,2,141
56,2020-06-23 11:45:26,"Hey Chinese FM are you getting sleep at night or not? after your PLA is brutually beaten by Indian Army. If you want i will send  Ramdev sleep pillsFree , ,                is backstabber ",vivekkhanna2007,"['Baba', 'Tibet', 'Taiwan', 'Hongkong', 'China']",77,0,0,187
57,2020-06-23 11:45:22,The Chinese Ministry of Public Security has inaugurated a citizen cross-border gambling reporting platform as part of its large scale crackdown on overseas illegal gambling activities.     ,Macau_Business,"['macau', 'china', 'gambling', 'crime', 'gaming']",3173,0,0,189
58,2020-06-23 11:45:18,Chinese App Vs Indian App List  Chinese Applications Alternative in India  Made in IndiaVideo Link         ,FollowTechTalks,"['ChineseApps', 'Boycottchina', 'IndianApp', 'China', 'ChinavsIndia', 'IndianApps', 'ChinaAppList', 'TechnicalTalks', 'ChinaGetOut']",250,0,0,107
59,2020-06-23 11:45:07,      43  soldiers were killed No other neighbour gave such bloody nose to  Pak should desist importing  for 1971  from  import fm    import fm   bailout fm   is yours ,aruntechone,"['China', 'Chinese', 'Dignity', 'Defeat', 'China', 'culture', 'Turkey', 'Ertugrul', 'Faith', 'Arabs', 'Economy', 'IMF', 'worldbank', 'Pakistan']",49,0,0,168
60,2020-06-23 11:44:57,"The talks were held in a cordial, positive and constructive atmosphere and it was decided that modalities for disengagement from all areas in eastern  will be taken forward by both the sides, they said. ://t.co/57ISdoQja8",dt_next,"['Ladakh', 'India', 'China']",6040,0,0,221
61,2020-06-23 11:44:46,Conflict between  and  +Ve for India  ,the_shivank,"['Japan', 'China']",276,0,0,38
62,2020-06-23 11:44:44,If you are looking for     Say Hello-Contact: Email: fiverr.hadiislam.com      ,hedayetulislam_,"['Digital_Marketing', 'Paid_Campaign', 'facebookads', 'ads', 'China', 'iPhone', 'COVID19', 'Friends', 'Jesus', 'Onlyfans']",2270,1,0,79
63,2020-06-23 11:44:29,"The US is evidently against the Chinese media operating in the , so much for ""freedom of speech"" and ""human rights"" gospel preached by the US. This is a case of double standard and fact changing to meet their crazy narrative and must be condemned. ",GroWithJennifer,"['US', 'China', 'AllLivesMatters']",505,1,0,248
64,2020-06-23 11:44:28,I wonder what the  would do if  said there was not a trade deal today? I just hope they do it during market hours. I am tired of pajama crew having all the fun.,learnthisgame,"['algos', 'China']",207,0,0,160
65,2020-06-23 11:44:25,"China is not able to digest the fact. This is new India we know how to save our people, we know how to save our land, we know how to save our nation.      ",manthan_sharmaa,"['ChinaFacesIndia', 'china', 'India']",107,0,0,155
66,2020-06-23 11:44:16,"Don't trust that bloody bastards , they are getting back because our soldiers get well position at . As soon as we leave our position they will attack again and will try to get that profitable position. So  .   ",SatyaVa08034831,"['china', 'GalwanValley', 'becarefull', 'IndPushchina']",0,0,0,211
67,2020-06-23 11:44:14,"  By using the Digital Currency Electronic Payment (DCEP)  will be able to open doors to overseas residents, allowing consumers and merchants to use RMB internationally. ",thebeestang,"['CryptoNews', 'China']",1143,0,0,170
68,2020-06-23 11:44:12,"""Soft diplomacy"" with  doesn\'t work: ",pedpsychdoc,['China'],461,0,0,38
69,2020-06-23 11:44:11," is following   s 24 character strategy to observe calmly, secure your position, hide our strength, bide our time .. but that was 1980s..not any more ! More so  has now  as the  .. it is a personal setback though ",dixie_mk,"['China', 'deng', 'xiaoping', 'india', 'PM', 'IndiaPushesBackChina']",84,0,0,213
70,2020-06-23 11:44:10,     ppl plz ask this all from your insane     n whole  knows you can not ask due to dictatorship. ,kumarjyoti1324,"['china', 'XiJinping', 'india', 'world']",137,0,0,99
71,2020-06-23 11:44:00,If you are looking for     Say Hello-Contact:  Email: fiverr.hadiislam.com      ,hedayetulislam_,"['Digital_Marketing', 'Paid_Campaign', 'facebookads', 'ads', 'China', 'iPhone', 'COVID19', 'Friends', 'Jesus', 'Onlyfans']",2270,0,0,80
72,2020-06-23 11:43:59,MATHEMATICS of AFRICAN RHYTHM       ,Souls_Man86,"['hajj2020', 'COVID19', 'TuesdayMotivation', 'RutosDownfall', 'China', 'BlackPrivilege', 'AllLivesMatters', 'lockdown']",119,0,0,36
73,2020-06-23 11:43:51,  Hacker attacked India. hacker was already attacked Australia. Punish CCP Govt.  Dhoke Baz hai.,Vivkekananda27,"['Chinese', 'Chinese', 'Heavy', 'China']",19,0,0,96
74,2020-06-23 11:43:50, is Fake...! ,MKankunj,['China'],561,0,0,13
75,2020-06-23 11:43:23," lands in Leh,   delighted, she airs all details about Indian posts through foreign media channels. please update all soldiers to be careful. ",UkIndianin,['China'],66,0,0,142
76,2020-06-23 11:43:21," It is always about  not national security.The  has been exclusively used to persecute dissidents, reporters, human right lawyers in . It is fanciful to even suggest that the same is not going to happen in  ",RChan07941238,"['ccpseciruty', 'CCPChina', 'China', 'HongKong', 'StandWithHongKong']",18,0,0,207
77,2020-06-23 11:43:17,Natural Salt Therapy found to be the best to boos lungs immune system against  Protect your lungs from the virus://t.co/SuNxgv9mmT,go2salman,"['COVID', 'Covid_19', 'Pakistan', 'China']",270,0,0,130
78,2020-06-23 11:43:06,"  in  on the verge of collapse. If it does give way, most of the  states like        also countries like       may be in very very serious trouble. ",Imam_A_Siddique,"['ThreeGorgesDam', 'China', 'NorthEastIndia', 'Meghalaya', 'Nagaland', 'Mizoram', 'Tripura', 'ArunachalPradesh', 'Assam', 'Bhutan', 'Bangladesh', 'Nepal', 'Tibet', 'Mynamar']",20292,0,0,148
79,2020-06-23 11:43:05," Officials dont know any details but just keep pushing the public to believe in the law. Hello??Court judges, lawyers, commerce society, etc have repeatedly questioned the law. The Govt failed to get rid of their worries but keep asking they believe in  !HELLO??? ",tckc612,['china'],371,0,0,264
80,2020-06-23 11:42:54, being reminded of  . Really? A country with a nature of betrayal can never acknowledge international law. I hope   takes note of it   is given a chance to be a permanent member at  ,hinnaonenonly,"['China', 'internationallaw', 'India']",25,0,0,182
81,2020-06-23 11:42:50,How to avoid  contagion among health workers? Over 600  doctors exchanged views with  counterparts in a webinar on cardiovascular emergencies in time of COVID19 organized yday by  w/   's Fuwai Hospital.  ,ItalyinChina,"['COVID19', 'Beijing', 'Italy', 'China']",6969,4,1,205
82,2020-06-23 11:42:42, Three Gorges Dam in danger of collapse?  ,_oOIOo,['China'],163,0,1,42
83,2020-06-23 11:42:38,DANCE UNTIL YOUR WINNING     ,Souls_Man86,"['hajj2020', 'COVID19', 'TuesdayMotivation', 'China', 'tuesdayvibes', 'RutosDownfall', 'lockdown', 'BlackPrivilege']",119,0,0,29
84,2020-06-23 11:42:21,"At a time when   India are face off on the  in ,the   group meeting is of paramount importance. Which is a major failure of India at diplomatic level.     ",EmergingPAK1,"['China', 'LAC', 'Ladkh', 'Kashmir', 'GalwanValley', 'Karachi', 'Imrankhan']",587,2,1,155
85,2020-06-23 11:42:12," ,000 dead40,000,000 unemployed ",RassBariaw,"['Minneapolis', 'Ukraine', 'Mueller', 'Epstein', 'DeutscheBank', 'China', 'Flynn', 'Manafort', 'SemionMogilevich', 'COVID19']",282,0,0,32
86,2020-06-23 11:41:41, Listen    we don't care fuck you,RockyGautam13,"['china', 'pakisthan']",12,0,0,33
87,2020-06-23 11:41:25, Better keep an eye on it  as  will try and flog the IP as      ,thescribe01,"['China', 'nationofthieves', 'wolfwarriors', 'tantrumchild']",79,0,0,64
88,2020-06-23 11:41:24,"    - Have ""Guts"" To Declare No\'s On  Side  Gave ""State"" Honors To All Brave Soldiers!. - NO Guts To ""Accept"" 43 No Of Deaths    Still ""Hiding"" With Silence. Even  Have ""Ignored"" Bravery Of OWN!Being !  ",RRaaavvv,"['Hindunationalism', 'India', 'Modi', 'Indian', 'XiJinping', 'LAC', 'China', 'Coward']",282,0,0,204
89,2020-06-23 11:41:07," After a first round of nuclear  talks in Vienna this week,  and the  hope to meet for a second round as soon as possible, potentially in late July or early August. , however, will still be a no-show.  via  ",alex_owski,"['ARMSCONTROL', 'disarmament', 'Russia', 'US', 'China']",2824,0,2,207
90,2020-06-23 11:41:01,"""If you are not willing to risk the usual you will have to settle for the ordinary."" Jim Rohn    ",eliterealttor,"['realtor', 'nyc', 'China', 'Bitcoin', 'tuesdayvibes']",189,2,0,97
91,2020-06-23 11:40:48,      sold himself and Nepal too to  to create hurdles for  and  . So we need to alert from our enemies. ,SharadK20991634,"['Nepali', 'PM', 'China', 'India', 'Tibet', 'IndiaChinaFaceOff', 'IndiaFirst']",354,0,0,105
92,2020-06-23 11:40:45,The  government proposes to end  duty exemption on solar cells and module imports as it looks to boost domestic manufacturing and put a check on large scale procurement of solar generation equipment from . ,ians_india,"['Indian', 'custom', 'China']",48862,10,1,206
93,2020-06-23 11:40:42,A Ray of Hope from the Indian side!!           ,AravindB98,"['CORONIL', 'BabaRamdev', 'Ayurvedic', 'China', 'Chennai', 'coronavaccine', 'COVID19', 'Patanjali']",98,1,1,47
94,2020-06-23 11:40:37, speaks for  and  . It should consider renaming the portal. And it's  not  and   ,rimajha,"['China', 'Pakistan', 'JammuAndKashmir', 'Jammu', 'Kashmir']",384,1,1,81
95,2020-06-23 11:40:34,Oil prices seesaw after Navarro walks back U.S.-China trade deal comment     ,EnergenOfficial,"['oilprices', 'USA', 'China', 'geopolitics']",825,0,0,77
96,2020-06-23 11:40:11,"You 5 feet , small eye, animal eating  mumma's boys get lost before we  crush you like a toothpick       ",Hare_Krishna_rg,"['Indians', 'IndiaPushesBackChina', 'IndianArmyOurRealHero', 'IndiaChinaFaceOff', 'IndiaStandWithArmyAndModi', 'indiachinastandoff', 'IndiaWillPunishChina', 'China']",78,0,0,105
97,2020-06-23 11:40:10,I really believe Trump doesnt understand the concept of testing.  This is a very dull human being.    ,erneststocker,"['China', 'TrumpMeltdown', 'TrumpIsALaughingStock']",5725,1,0,102
98,2020-06-23 11:40:09,Could Chinas New Green Rules Impact NIO and Tesla?NIO $NIO and Tesla $TSLA stocks have been on a fire this year amid the optimism about electric vehicles. Nikola stock has also rallied amid the frenzy.   ://t.co/kNMHqOsVTJ ,MarketRealist,"['nio', 'tesla', 'china', 'green']",5524,0,0,223
99,2020-06-23 11:39:50,  Mystic Merchant Hot Foot Powder Is In Stock!! .          ,MysticMerchant7,"['mysticmerchant', 'royalehigh', 'China', 'blackownedoccultshop', 'occultshop', 'hotfootpowder', 'wicca', 'WitchesForBLM', 'witchcraft']",17,0,0,59
100,2020-06-23 11:39:50,Pre-autumn look at some interesting architectures in Shanghai.         ,dijeyjaro,"['china', 'ootd', 'fall', 'menswear', 'menstyle', 'fashion', 'travel']",3191,3,1,71
101,2020-06-23 11:39:47, flows could be down 40% to $1T  $233B ( $141B  $68B  $11B) ($156B  $57B  $51B Bangladesh $2B Pakistan $2B) $28B ( $14B  $4.6B  $8.4B) ,chak2006,"['FDI', 'EastAsia', 'China', 'HongKong', 'SKorea', 'SEAsia', 'SAsia', 'India', 'WAsia', 'UAE', 'SaudiArabia', 'Turkey']",652,0,0,135
102,2020-06-23 11:39:46," Army is Converted into Bihar Army For Votes.After few Months It will get Converted into Bengal Army...Sadly, Entire Country is today divided by BJP-Modi and Dalal Media.   ",OnlyTruth_____,"['TwitterExposesGodiMedia', 'SurenderModi', 'China', 'IndianArmy', 'IndiaChinaFaceOff']",111,0,0,173
103,2020-06-23 11:39:13,"""Things work out best for those who make the best of how things work out."" John WoodenGood morning!!     ",Candy__Walter,"['CandyWalterStore', 'COVID19', 'China', 'tuesdayvibes']",743,1,0,105
104,2020-06-23 11:39:11,"For decades Tibatans started campaign to  Products,its good that now our  Bros  Sisters are joining in, lets hope rest of the World will join us, 's aim is destroy all Humanity.     ",TibetPeople,"['BoycottMadeInChina', 'Indian', 'China', 'FreeTibet', 'ChineseProductsInDustbin', 'JunkOneChina', 'MakeChinaPay', 'US']",6440,20,9,182
105,2020-06-23 11:39:04, Dress available at just  .Please help me retweet            ,emis_official,"['hajj2020', 'COVID19', 'TuesdayMorning', 'Ronaldo', 'sexychallenge', 'TuesdayThoughts', 'Obaseki2020', 'bigbrotherreunion', 'China', 'BAEKHYUN', 'Stonebwoy']",3,1,0,61
106,2020-06-23 11:39:04," Seeks Urgent Delivery of S-400s, Fighter Jet Spare Parts Amid Border Stand-off With       ",FortRussNews,"['India', 'China', 'Geopolitics', 'Military', 'Russia', 'S400']",8345,1,1,91
107,2020-06-23 11:38:51,Free  .  needs to stop its brutal barbarian methods.    ,amansinghsood,"['HongKong', 'China', 'HongKongIsNotChina']",224,0,0,56
108,2020-06-23 11:38:46,"Normalise saying you are okay only when you are! We're all growing, I get it! But it's so okay to not be okay, talk to someone about it. Be honest when you are suffering inside. If you have nobody to talk to, you can talk to me!  ",robyn_beyonce,"['AllLivesMatters', 'TuesdayMotivation', 'China']",15,0,0,230
109,2020-06-23 11:38:27," Interesting thread! After spreading  around the world,  is still trying to spin its border aggression on ?",jvbakshi,"['COVID19', 'China', 'India']",1944,0,0,107
110,2020-06-23 11:38:07,   is going to ignore all these discussion  claim that it belongs to internal affairs...You cant quite reason with them because  logic is uncivilised! ,tckc612,"['china', 'CCP', 'BoycottChineseProducts']",371,0,0,151
111,2020-06-23 11:38:04,Good feeling to be a part of this project.     ,KangJing,"['China', 'BeltandRoad', 'BRI', 'India']",298,0,0,47
112,2020-06-23 11:37:59,Pathetic situation for Nepal and alarming situation for India.         ,SharadK20991634,"['Nepal', 'China', 'India']",354,0,0,71
113,2020-06-23 11:37:57, said it has agreed with  to take measures to ease tensions along a disputed stretch of their border.   Live:  ,indusdotnews,"['China', 'India', 'IndiaChinaBorder', 'IndusNews']",16308,1,0,111
114,2020-06-23 11:37:48,Galwan Valley clash: Five short-term and three long-term ways in which India can contain the Chinese threat  by Sreemoy Talukdar      ,rohit_l,"['geopolitics', 'ForeignPolicy', 'India', 'China']",1000,0,0,134
115,2020-06-23 11:37:35," The racist  are the ones that should leave . This city is an international metropolis, all are welcome, get with it or move to their beloved .",ken_waikin,"['HKPoliceTerrorists', 'hongkong', 'China']",100,0,0,143
116,2020-06-23 11:37:24,"Now  will built Delhi-Meerut RRTS strategic projectIndian govt award huge contract to china company todayShanghai Tunnel Eng Comp (STIC) was the lowest bidder for the  projectThe company has won the tender for Rs 1,126 crore  ",By20548922,"['China', 'Patanjali', 'EXO_SC', 'Coronil', 'Safoora_Zargar']",15,0,1,226
117,2020-06-23 11:37:18,Day 3 of the  and no World Leaders are saying anything publicly? Is communication with  THAT BAD that we cant even ask them to stop blowtorching  in ? Majority of people in China  are against this festival  ,GeorgiaRaeBrown,"['YulinDogMeatFestival', 'China', 'dogs', 'Yulin', 'TuesdayMotivation']",2898,0,0,207
118,2020-06-23 11:37:17,After launch of  Baba Ramdev to  : ,ShivIndian07,"['CORONIL', 'China']",18,0,0,35
119,2020-06-23 11:37:05,"'s economy contracted in the three months to June from a year earlier, signaling the start of a recession despite marginal improvements over the previous period when the  roiled the . What does this mean for smaller economies? Follow us . ",ED_Program,"['China', 'coronavirus', 'economy']",494,0,0,239
120,2020-06-23 11:36:33," This gap is in your head which needs some serious psychiatric help, as does your bully, megalomaniacal nation  neutralise these gaps  numbers.What matters is raw courage, grit, calm minds, sharp analysis, experience in warfare.. Indian Army possesses plenty of these",Vijendra1Verma,['China'],865,0,0,267
121,2020-06-23 11:36:33, how to start a food business and sell online   ,1foodmarketer,"['TuesdayThoughts', 'baking', 'china']",819,0,0,48
122,2020-06-23 11:36:28,Spelling out Hong Kong's doom  via    As much as  is a clear top down squashing of  in   is an equally disturbing example of a bottom up destruction of  ...,StrongRThan,"['HongKong', 'Democracy', 'China', 'Seattle', 'USA', 'Democracy']",1014,0,0,156
123,2020-06-23 11:36:20,"  Choose between  and . Can't have both. Even if that happens, India will take a good look at the fact that  has been blocking our bid for a permanent seat in the .",Nuance2020,"['India', 'Pakistan', 'China', 'UNSC']",0,0,0,164
124,2020-06-23 11:36:07,China Orders Attack On Indian Army: US Intel ReportRead Here:       ,TPINewz,"['India', 'China', 'GalwanValleyFaceOff']",123,0,0,68
125,2020-06-23 11:36:05, racism discrimination intolerance violence hateWe must work together to  and  all forms of racism  discrimination.         ,Covid19_fact,"['StandUp4HumanRights', 'Stonebwoy', 'Obaseki2020', 'Ghana', 'الدولار', 'شمال_الرياض', 'EXO_SC', 'EdSheeran', 'China']",31,0,0,124
126,2020-06-23 11:35:47, Help All except  and   Never Trust China ,VeeraHindustani,"['China', 'Pakistan', 'CKMKB', 'PKMKB']",13,0,0,42
127,2020-06-23 11:35:34," in  province recently invited over 1,000 blood donors to enjoy a grand light show on the city's cruise Zhiyi Hao, which is popular among tourists for its drama with performers wearing vintage clothing. ",ChinaDaily_Life,"['Wuhan', 'Hubei', 'China']",307,0,0,203
128,2020-06-23 11:35:20, delivered thousands of names to the  of  at the start of  with NO .   You are a  to the      SHAME ON YOU  ,UkYulin,"['HumaneSocietyInternational', 'Secretary', 'Guangxi', 'June', 'response', 'Guangxi', 'YulinDogMeatFestival', 'DISGRACE', 'civiised', 'world', 'Guangxi', 'Yulin', 'China']",115,0,0,108
129,2020-06-23 11:35:10,"'No orders, verbal or written, have been issued to any port by customs or by the central board of indirect taxes and customs (CBIC) to bar or not to accept containers from ,' a senior Finance Ministry official told us   ",CNBCTV18Live,"['China', 'India', 'AatmanirbharBharat']",839896,9,5,220
130,2020-06-23 11:35:03,"What will 's visit to  mean for  tensions? To know more about it, read the article of our blogger  linked below.        ",EDTimesOfficial,"['Russia', 'IndoChina', 'India', 'ChinaIndiaFaceoff', 'China', 'chinaindiaborder', 'Russia', 'VictoryDay', 'VictoryDayParade']",2624,0,0,120
131,2020-06-23 11:35:02,Should help 's agenda to reduce strategic dependence on  in  ,pratimbose,"['India', 'China', 'pharmaceutical']",1458,0,0,61
132,2020-06-23 11:35:00,Chinese advocacy for economic interdependence  owing to its centrality in global supply chains  could be met with a renewed transatlantic consensus centred on :  ,orfonline,['China'],70112,2,0,162
133,2020-06-23 11:34:47,"After bootickling China, Nepal cedes its land to dragon. Prime Minister Oli can't help but confess and concede.   ",MyNation,"['Nepal', 'China']",23665,12,8,114
134,2020-06-23 11:34:46,"Indian Army Chief, Gen.  visited Army Base Hospital in  on Tuesday, to meet the recovering soldiers injured in a violent  with  army earlier this month.      ",alidawood99,"['Naravane', 'Leh', 'standoff', 'Chinese', 'indiachinastandoff', 'IndiaPushesBackChina', 'india', 'China', 'galwanvalleyclash']",155,1,1,158
135,2020-06-23 11:34:43,One can appreciate a downpour when one is in the shelter. ,FGargam,['China'],156,0,0,58
136,2020-06-23 11:34:37,WHY HAS  SOUTHERN BEEN FLYING A BOEING 737  FOR NINE MONTHS?    $BA      ,theFliegerFaust,"['CHINA', 'MAX', 'aviation', 'Boeing', 'safety', 'airline', 'avgeeks', '737MAX', 'ET302', 'JT610', 'crash']",1338,1,2,73
137,2020-06-23 11:34:31,"Just heard  blame  AGAIN, for HIS OWN decision to force nursing homes to except patients with   and that it comes from Europe not   HOW DOES IT FEEL TO BE A MASS MURDERER? ",zenhabanero,"['COVID19', 'China']",7,0,0,172
138,2020-06-23 11:34:29,Beautiful Azan by Atif Aslam             ,InfoValley0001,"['hajj2020', 'ارطغرل_عمران_خان', 'TuesdayMotivation', 'SaudiArabia', 'ViralVideos', 'viral', 'Trending', 'trend', 'Muslim', 'Islamophobia_In_India', 'islam', 'ErtugrulGhazi', 'Peace', 'China']",9,1,0,41
139,2020-06-23 11:34:25,In world  full of red rosesBe someone alovera Having 101 qualities of cure..   ,Sukoon_tweet,"['شمال_الرياض', 'hajj2020', 'China', 'SalmanKhanIsBULLY']",0,0,0,79
140,2020-06-23 11:34:14,Finally started watching the Chinese dating show Heart Signal ()! Its the first Chinese show Ive ever watched! I think its cute so far         ,FranBatchelor,"['心动的信号', 'HeartSignal', 'Chinese', 'China', 'reality', 'dating', 'LoveStory', 'OBSESSED']",146,0,0,143
141,2020-06-23 11:34:08,"Practically impossible. Just so as to punish Chinese policies, you can't punish 100s of millions worldwide who depend on Chinese goods such medicines. Still international system provides many other tools such travel and economic sanctions against responsible individuals.  ",DhillonHariGTA,['China'],144,0,0,273
142,2020-06-23 11:33:56, Lets work for the  of  like what happened in the ,StreetW36653464,"['balkanisation', 'China', 'USSR']",10,0,0,50
143,2020-06-23 11:33:46,Daniel Hoffman: 's assault on   this project threatens US  spies - everywhere. ://t.co/ZATKPaZRPd,1955Patriot,"['China', 'Texas', 'NationalSecurity', 'ChineseCommunistParty', 'SayWhatYouSee']",150,0,0,97
144,2020-06-23 11:33:14,  ://t.co/6poIZGFPyI India picks a side in the new cold warIt is folly for China to drive its rival into Americas arms,softwarnet,"['India', 'USA', 'china']",1963,1,1,118
145,2020-06-23 11:32:50,Visual representation of Global Times News's multi-front threat (  ) to  during the  faceoff ...       ,aslamkhanbombay,"['Pakistan', 'China', 'Nepal', 'India', 'IndiaChinaBorder', 'chinaindiaborder', 'IndiaChinaFaceOff', 'indiachinastandoff', 'IndiaChinaStandOff', 'IndiaChinaTension', 'Laddakh', 'Ladakh']",905,1,1,103
146,2020-06-23 11:32:46,Same to  this govt is not allowing anyone into 1 inch into my motherland.ur govt were failed when ur party Were ruled.ur party handover land to  and history is saying.This govt not like urs  it is Modi ji govt.Dont speak nonsense by uur Pappu beta.  ,Santosh4IND,"['congress', 'China']",229,0,0,250
147,2020-06-23 11:32:15,"The Death of CosmopolitanismThe coronavirus outbreak has emboldened defenders of the nation-state, in Europe and beyond.    ",salmanmaqsood80,"['hajj2020', 'EXO_SC', 'China', 'Covid_19', 'SaudiArabia', 'Europe']",145,0,1,124
148,2020-06-23 11:32:06,      just what the world needed another blood bath   Ugh,Jannouca,"['China', 'Zimbabwe']",181,1,0,57
149,2020-06-23 11:31:46,In Living in the Unknown:  Muslims who escaped from  share their anxiety of not knowing the whereabouts and conditions of their loved ones. They reveal their struggle for preserving their  amidst the fear of being erased.  ,eclamoureux,"['Uighur', 'China', 'culture', 'HumanRights']",1093,0,0,223
150,2020-06-23 11:31:42, .. Coming soon to  on YOUTUBE.. producedby  Click this link  Click this link to  SUBSCRIBE TO OUR YOUTUBE CHANNEL. ITS FREE            ,Aneke_Twins,"['Clairecloset', 'aneketwins', 'aneketwinstv', 'hajj2020', 'COVID19', 'Obaseki2020', 'Bitcoin', 'Stonebwoy', 'China', 'Ghana']",5615,0,0,136
151,2020-06-23 11:31:41, sent the last satellite to space on Tuesday to complete its global navigation system that will help wean it off U.S. technology in this area. ,StockM_Society,"['China', 'GPS']",293,0,0,143
152,2020-06-23 11:31:18, can you please help   residents get back home? Seems we are forgotten lot.,rajendrsrathore,"['Hongkong', 'china']",24,0,0,75
153,2020-06-23 11:31:11,"    has its faults but it's a great democracy ever so willing to self-correct.However hard  may try to be like  but China is no patch on US' systems  spirit.After winning WW-2 if US were like China, US wouldn't have helped Japan  Germany to reconstruct  develop",Vijendra1Verma,"['America', 'China', 'US']",865,0,0,261
154,2020-06-23 11:31:08,"""Galwan Valley indian condition haha    ",WorldPakistanis,"['LadakhBorder', 'GalwanValley', 'IndianArmy', 'China']",49,3,1,40
155,2020-06-23 11:30:57, removing the chains of  from !                     ,PrinceGersie,"['China', 'debt', 'Africa', 'AfricaChina', 'ZenandeMustFall', 'SatanicChurch', 'ChooseDay', 'Zuma', 'Unemployment', 'day89oflockdown', 'Orania', 'Christians', 'Jesus', 'KatePillay', 'CodieTaylor', 'debtrelief', 'BlackLivesMatter', 'BLM', 'Wits', 'Angie', 'Msholozi', 'NPA', 'MyANC', 'HelenZille']",92,0,0,52
156,2020-06-23 11:30:52, Fearless my ass ! Lift  in  and see what happens.,KarmaOlo,"['Censorship', 'China']",295,0,0,50
157,2020-06-23 11:30:48,How China has Overtaken Japan in Naval Power and Why It Matters Dr. Toshi Yoshihara      ://t.co/wFtPO4J8s1,CIMSEC,"['China', 'Japan', 'Seapower', 'SouthChinaSea', 'WriteFightWin']",7582,3,1,107
158,2020-06-23 11:30:46, China always play with accutal count be it -19   infected or It's soliders died  always lied. ,rupeshtoshniwal,"['Covid', 'ChinaVirus', 'China', 'BoycottChineseProduct']",145,0,0,95
159,2020-06-23 11:30:44,"India, China Don't Need Help: Russian Foreign Minister At Trilateral Meet    ",thehawk,"['India', 'China', 'RussianForeignMinister']",2069,0,0,77
160,2020-06-23 11:30:30,We are back               ,jkuatfinest,"['RutosDownfall', 'COVID19', 'TuesdayMotivation', 'tuesdayvibes', 'EXO_SC', 'hajj2020', 'شمال_الرياض', 'BAEKHYUN', 'China', 'AllLivesMatters', 'Bitcoin', 'COVID__19', 'yemeksepetiboykot', 'طبقوا_البديل_للخريجين']",661,1,2,26
161,2020-06-23 11:30:26,We must not allow the glaring blind spots in the mainstream media's coverage of the virus in the preceding months to disappear down a convenient memory hole.Read the full article: The China Apologists     ,Commentary,"['WHO', 'Coronavirus', 'Media', 'China']",36755,2,1,205
162,2020-06-23 11:30:20," You have no business of calling it fake. The nation who cannot even give due respect to the killed soldiers to protect its fake ego, should be ashamed.  this is shameful",SumitBh76935831,['china'],11,0,0,170
163,2020-06-23 11:30:11, Really wow that's great ...then why don't you tell the truth ? Are you scared ? Panda   ,NANIPV,"['China', 'ChinaMustBeTamed', 'indiachinastandoff']",90,0,0,89
164,2020-06-23 11:30:03,"1. Before today\'s Executive Council meeting  leader  admits that, like most other local ""heavyweights"", she too has not seen the complete draft of the  being drafted by the  ",chopkickpunch,"['HongKong', 'CarrieLam', 'NationalSecurityLaw', 'China', 'npc']",2709,16,10,175
165,2020-06-23 11:30:00,"""Southeast Asia is central to  ambition to be reckoned as a global power. Beijing sees it as a key link in the connectivity chain.""Read \'s latest policy paper   ",IFRI_,['China'],28890,0,1,162
166,2020-06-23 11:30:00,"The - border tension represents an opportunity for the two sides to create a grand bargain that puts a lot of the issues on the table and finds a durable solution, says academic Josef Gregory Mahoney. ",thouse_opinions,"['China', 'India']",111625,3,1,201
167,2020-06-23 11:29:36, But I have evidence to prove that sun only rises for  and rest of the world lives in dark dungeons.       ,GrumpyG50136372,"['China', 'China', 'CCP', 'ChineseProductsInDustbin', 'ChinaIndiaFaceoff', 'ChinaLiedPeopleDied', 'CCPVirus', 'ModiStrongestPmEver']",5,0,0,107
168,2020-06-23 11:29:28,"RSS was busy in changing Indian History,China, Nepal changed India's Geography.  ",imMTF_7,['China'],425,2,0,81
169,2020-06-23 11:29:25,if  comes out today and says trade deal is dead and broke and done....it would be a wrap   wouldn't be able to hide under a fake deal anymore. To many people in the know are saying deal is dead.,Currency365,['china'],3711,3,0,194
170,2020-06-23 11:29:25,"you can officially check out the ""Trap Monster""   on    subscribe and hit that like button!!!                 ",Anohkis,"['Beat', 'YouTube', 'trap', 'beat', 'Flstudio', 'producer', 'BeatMaker', 'typebeats', 'beats', 'InstrumentalMusic', 'instrumentals', 'instrumental', 'hiphop', 'COVID__19', 'China', 'beats']",2039,2,1,110
171,2020-06-23 11:29:23,  must not take the international community response for granted.  is a global concern that will potebntially shape the future of engagement with .  ,Jacobwilson_1,"['China', 'HongKong', 'beijing', 'euchinasummit']",60,0,0,149
172,2020-06-23 11:29:01,"CursorTek    of   and  with their ,  and  in              ://t.co/z20SbqT0db ",cursortek,"['selling', 'bulk', 'data', 'worldwide', 'restaurants', 'hotels', 'Emails', 'Phones', 'socialmedia', 'newyork', 'chicago', 'lasvegas', 'losangeles', 'Dubai', 'china', 'bangkok', 'germany', 'italy', 'turkey', 'istanbul', 'london', 'sydney', 'toronto']",1045,1,1,77
173,2020-06-23 11:28:57,India will win battles both with  nd .  not disclosed their martyred names nd whole india pay homage to our real protector          ,ranjitgurjar01,"['china', 'coronavirus', 'chinesearmy', 'IndiaStandWithArmy', 'indianarmy', 'BharatVsChina']",29,1,0,132
174,2020-06-23 11:28:52,"  Should Get Prepared To Live As A  Neighbour Because If Instigated  Will Show The World How To Tame The  And Countries Like , , ,  ,  Will Look At India For Lessons!",CbrianWarren,"['China', 'Peaceful', 'INDIA', 'Bully', 'Taiwan', 'Vietnam', 'Philippines', 'Australia', 'Tibet']",34,0,0,166
175,2020-06-23 11:28:50,Salute your observations .. hope  would have understood and thought as you did  but  don't have material to understand ,_IndraneelC,"['China', 'XiJinping']",31,0,0,119
176,2020-06-23 11:28:26,"Reuters: US Federal Communications Commission orders \'s Phoenix radio to halt broadcasting Chinese language programs to southern California. Ted Cruz: Phoenix TV is a puppet of the Chinese Communist Party that broadcasts propaganda across the US"" ",PM_Thornton,['China'],5992,12,6,248
177,2020-06-23 11:27:55,  Cyber terrorismt ,liquidstate90,['China'],1,0,0,19
178,2020-06-23 11:27:43,We can even forgive  but can never ever forgive the communist traitors in India.,inrealisation,['China'],766,0,0,80
179,2020-06-23 11:27:17,"   imagery of  in , where  and  share a disputed border, has been used to monitor the unfolding border clash in the region ",AgnieszkaSpace,"['SkySat', 'GalwanValley', 'Ladakh', 'India', 'China']",1299,0,0,123
180,2020-06-23 11:26:56,"   Brother, can you do something? Can you and your team do a successful  to ?",shubham6679,"['CyberAttack', 'China']",132,0,0,77
181,2020-06-23 11:26:39,Chinese Foreign Ministry denies claims of casualties at border       ,BaaghiTV,"['BorderDispute', 'ChinaIndiaFaceoff', 'International', 'Ladakh', 'LadakhBorderDispute', 'BaaghiTV', 'China', 'India']",36325,0,0,69
182,2020-06-23 11:26:35,"Another year of celebration for Lee Minho, happy bday to you from your fans                     ",flowergiftkorea,"['koreanActor', 'koreanActress', 'Kpopstar', 'korea', 'seoul', 'koreaflowerdelivery', 'malaysia', 'flowergiftkorea', 'seoulflorist', 'USA', 'kpop', 'danmark', 'australia', 'hongkong', 'indonesia', 'russia', 'canada', 'china', 'dubai']",252,1,0,96
183,2020-06-23 11:26:33, At 100%  announces the success of the waiting clinical trials for ,0derx,"['Urgent', 'China', 'Corona']",360,0,0,67
184,2020-06-23 11:26:21,"Indian Army Chief, Gen.  visited Army Base Hospital in  on Tuesday, to meet the recovering soldiers injured in a violent  with  army earlier this month.        ",Kashmir_Monitor,"['Naravane', 'Leh', 'standoff', 'Chinese', 'China', 'galwanvalleyclash', 'IndianArmy', 'LADAKHSTANDOFF']",80457,6,0,160
185,2020-06-23 11:26:20," invest in  20/6/20The Chevrolet brand of the US company GM had decided to exit the Indian market in 2017.Later,the company's production plant in Halol area of  was bought by Chinese company MG Motors. GWM will now build vehicles at the same plant in India",By20548922,"['China', 'india', 'Gujarat']",15,2,0,256
186,2020-06-23 11:26:17,Agencies are encouraged to buy products that meet the minimum 50% local content criteria.    ,fmtoday,"['FMTNews', 'China']",151187,0,1,93
187,2020-06-23 11:26:15,  and there is  reusing theirs whilst  just dumps theirs where ever they land,2ontrack,"['SpaceX', 'China']",397,0,0,77
188,2020-06-23 11:26:14,"1890s :: Lime Washers at Work On a Badly Bubonic Plague Infected House In BombayIn 1855   Originated In Yunnan ,  And Spread Across The World Killing Millions  ",IndiaHistorypic,"['Bubonic', 'Plague', 'China', 'ChinaIsCorona']",878931,131,31,160
189,2020-06-23 11:26:12,   This will boost morale of  supporters globally.  anti civil society actions in  is a global threat.  strongly.,Jacobwilson_1,"['Democracy', 'China', 'HongKong', 'StandWithHK']",60,0,0,113
190,2020-06-23 11:26:07,"The news of disengagement between  and  has relieved participants, after days of heated arguments. However, we may see a pause in the index ahead, citing a major hurdle at 10,525 level",maduraitrading,"['India', 'China']",60,0,0,184
191,2020-06-23 11:25:50, Then what is the truth?Why don't you declare actual number of deaths? character is always like ...,babyparamjeet,"['China', 'chameleon']",8926,3,1,99
192,2020-06-23 11:25:48,      How can you trust    1mn in detentionBeards trimmed language banned demolished      lost  1971 and failed  bcoz of  obsession,aruntechone,"['China', 'uighur', 'muslims', 'Arabic', 'mosque', 'Tibet', 'HongKong', 'southchinasea', 'Taiwan', 'TiananmenSquareMassacre', 'Pakistan', 'Bangladesh', 'economy', 'Kashmir']",49,0,0,131
193,2020-06-23 11:25:48,Definitely not a good time to be a PRO Modi         ,TheMonger9,"['H1Bvisas', 'NamasteTrump', 'China', 'AtmaNirbharBharat', 'NepalIndiaBorder', 'Pakistan', 'PetrolDieselPriceHike']",2,1,1,52
194,2020-06-23 11:25:44,"India nudges China, says leaders must be exemplars    ",thehawk,"['India', 'China', 'Jaishankar']",2069,0,0,54
195,2020-06-23 11:25:42,"The ENTIRE NATION is paying the price FOR the 's  DENIAL back in January... especially AFTER  STOPPED all  flights and YOU called him a racistwhen it comes down to it...     CAUSED THE 100,000+ deaths in U.S. ",apppro1,"['FakeNewsMedia', 'Covid19', 'China']",3240,0,0,209
196,2020-06-23 11:25:20,Orthodox Jewish woman with strong ties to  to lead America's  new cybersecurity division. Imagine if she were from a Chinese heritage with good links to . Just thinking,Hani_Iskander,"['Israel', 'China']",975,0,0,168
197,2020-06-23 11:25:19,"  The ENTIRE NATION is paying the price FOR the 's  DENIAL back in January... especially AFTER  STOPPED all  flights and YOU called him a racistwhen it comes down to it...     CAUSED THE 100,000+ deaths in U.S.",apppro1,"['FakeNewsMedia', 'Covid19', 'China']",3240,0,0,210
198,2020-06-23 11:25:11,"Im convinced every American has at least 47% crazy in their genes, that should bring all races together as one           ",CamilleLove80,"['TuesdayMotivation', 'tuesdayvibes', 'blaclivesmatter', 'china', 'COVID__19', 'lockdown', 'TrumpResignNow']",117,1,1,121
199,2020-06-23 11:25:06,    what kind of sick army is this??! Wont even let exhausted soldiers sleep peacefully.. just to make stupid propoganda videos. Dumba**es! No wonder u get ur a** kicked!     ,alphonsolife,"['ChineseProductsInDustbin', 'China', 'IndiaStandWithArmyAndModi', 'IndiaPushesBackChina', 'IndiaWillPunishChina']",35,0,0,175
200,2020-06-23 11:24:50,04:44   With the continues rain in  an expert warns that one of the  in the world sitting above the   is at the  impacting over . At 1.4 ,Imam_A_Siddique,"['China', 'LargestDam', 'Yangtze', 'YangtzeRiver', 'RiskOfCollapse', '400MillionPeople']",20292,0,0,137
201,2020-06-23 11:24:50,Remember this guy Craig Rowin he apparently joked about th 1 Million Dollar request . Bitcoin Whales  I wouldnt waste your time in that way ... Give me one hundred  .Hey haters and naysayers I will  succeed .       ,johnmigid,"['Bitcoin', 'BTC', 'TuesdayMotivation', 'China', 'Japan', 'USA', 'Canada', 'UK']",161,0,0,215
202,2020-06-23 11:24:11,You are more likely to die from rabies than corona...          ,IamTresvan,"['China', 'TuesdayMorning', 'lockdown', 'BlackLivesMattters', 'COVID19', 'Riot', 'MartialLaw2020', 'DeepState', 'Corruption', 'SystematicRacism']",23,0,0,63
203,2020-06-23 11:24:10," 's  administration is manipulating border conflicts with , , and  to deflect the countrys dissatisfaction from domestic issues, such as the  outbreak and slowing economy: Chinese experts.  ",PrajwolMa,"['India', 'Modi', 'China', 'Pakistan', 'Nepal', 'COVID19']",28,0,0,190
204,2020-06-23 11:24:05,"  This is so sad. The so called ""Muslim"" countries don\'t care as they don\'t want to say a word against ",govindagopala,['China'],415,0,0,105
205,2020-06-23 11:24:03,"News background  trading ideas for 23/06/2020New outbreaks, Germany pumps, the deal is over               ://t.co/PhPvcrz4ta",Trade24F,"['FundamentalAnalysis', 'newsbackground', 'coronavirus', 'dollar', 'euro', 'USA', 'Europe', 'GOLD', 'Trump', 'usaCoronavirus', 'Oil', 'China', 'Germany', 'England']",413,0,0,124
206,2020-06-23 11:24:01,"We should also ask china to,      should also start protests..........",rahul_india15,"['FreeTibet', 'IndiaPushesBackChina', 'TibetIsNotChina', 'China']",1,0,0,70
207,2020-06-23 11:24:01,Thanks  for such a confidence  ,balochbeelawal,"['china', 'GulwanValley']",3,0,0,31
208,2020-06-23 11:23:38,Chinese Hackers Attempt Cyber Attack On Indian Cyber Space: Maharashtra Cyber CellVia   ://t.co/382diLssyk,rtech_007,"['republictv', 'China', 'CyberAttack']",7,0,0,106
209,2020-06-23 11:23:35," Very important to strengthen our  with  But within a friendship criticizing is important! Its the chance to improve.China has to improve some of their habits, to become a well respected partner What they do with  is against our values ",MJPD14,"['friendship', 'China', 'HongKong']",40,0,0,236
210,2020-06-23 11:23:34,How  has Overtaken  in Naval Power and Why It Matters ,SchneiderKarWHV,"['China', 'Japan']",1045,2,0,54
211,2020-06-23 11:23:33,  It is forbidden to tell the truth here ,kalingashree,['china'],28,0,0,41
212,2020-06-23 11:23:30,    Most Indian companies buy different components from  and assemble hear .. What will be country of origin?,RohitAarrya,['China'],91,0,0,109
213,2020-06-23 11:23:14, Tiktok users may have fallen victim to the  s biggest propaganda scam!And  is now teasing the US users as retarded scums in their own  social media!,tckc612,"['china', 'CCPchina', 'wumao']",371,0,0,149
214,2020-06-23 11:22:38,   .5billion    ,jamiegirardi,"['quidprojoe', 'china', 'ukraine', 'whereishunter', 'obamagate']",30,0,1,16
215,2020-06-23 11:22:37,  you can run but you cant hide hamara hai  hamara hai ,sanjay_904,"['China', 'PangongTso', 'AksaiChin']",340,2,0,55
216,2020-06-23 11:22:35,": ,  agreed to reduce tensions ",HotNewsNaija,"['HimalayanborderClashes', 'China', 'India']",3636,0,0,31
217,2020-06-23 11:22:23," ://t.co/st17muDPBVAmerican operations of China Central Television, China News Service, the Peoples Daily and the Global Times designated foreign missions essentially controlled by the Chinese communist government",softwarnet,"['china', 'USA']",1963,2,1,213
218,2020-06-23 11:22:22,    you can run but you cant hide hamara hai  hamara hai ,sanjay_904,"['China', 'PangongTso', 'AksaiChin']",340,2,0,57
219,2020-06-23 11:22:22, lies revealed by USIntel1 Premeditated attack by China2China lost atleast 35Lives3Wanted to teach India4 Diversionary tactic from   mismanagent. ,pandavwarrior,"['China', 'COVID19', 'IndiaPushesBackChina', 'indiachinastandoff']",27,1,1,146
220,2020-06-23 11:22:18,  I m balochi and I m Pakistani  ,balochbeelawal,"['Kashmir', 'China']",3,1,0,33
221,2020-06-23 11:22:16, Perhaps with state controlled media in  all the fakeness is only expected from ,Arjun_Singh27,"['China', 'China']",14,0,0,80
222,2020-06-23 11:21:58,",  agree to disengage forces after deadly  clash ",APDiploWriter,"['China', 'India', 'Himalaya']",45844,1,2,49
223,2020-06-23 11:21:53,Dragon's SwansongIIThe greed of the  to outsource  handed the  their  dirt-cheap.  estimate that  theft regulated by  causes them an  of $200 billion. ,Eagleeye47,"['West', 'completemanufacturing', 'Chinese', 'IntellectualPropertyRights', 'American', 'thinktanks', 'IPR', 'China', 'annualloss']",8243,0,0,151
224,2020-06-23 11:21:49,Sources - Indian customs stops consignments coming from  and  early today. Hinting that new import duty structures to be in place soon ?  ,SandhyaETprime,"['China', 'HongKong', 'indiachinatrade']",231,2,0,138
225,2020-06-23 11:21:45," Border Clashes: ,  Agreed To Reduce       ",HotNewsNaija,"['Himalayan', 'China', 'India', 'Tensions', 'war', 'worldpowers', 'news', 'politics', 'diplomacy', 'breaking']",3636,0,0,43
226,2020-06-23 11:21:42,"Big investment of  in  after 16 june 2020 An agreement has been signed between  motor company GWM and the  government. Under this, there will be a phased investment of 100 100 million which will create 3,000 jobs",By20548922,"['China', 'India', 'GalwanValleyFaceOff', 'Chinese', 'Maharashtra', 'Patanjali']",15,1,0,212
227,2020-06-23 11:21:37,"Apple CEO Tim Cook opened his WWDC keynote talk by addressing racism, equality, and justice.Meanwhile, millions of iPhones are built under slave-like conditions under a  dictatorship in .",disclosetv,"['communist', 'China']",51217,48,25,187
228,2020-06-23 11:21:36, Is Losing   prin ,danucky,"['China', 'India']",103,0,0,18
229,2020-06-23 11:21:33,"    killed 500.000 people all over the World because of its horrendous ways against animals, with  just like this one in . Yet they still allow this abomination of , they don't care about animals neither about the people that died because of them",GuileSN_BR,"['China', 'WetMarkets', 'Yulin', 'AnimalCruelty']",2136,0,0,246
230,2020-06-23 11:21:29,The story is largely correct so far it's about devastating effects of war with  but then  deliberately misses the complete picture.  Ask any expert- there can be no winners in any nuclear war. It will be the end of  dream.,kumarspoint,"['China', 'Globaltimeschina', 'onechina']",102,0,0,222
231,2020-06-23 11:21:24,"Even if that's true, should be thankful to  for taking the focus away of world's 2nd largest population from ur biggest crime- A famous  saying translated for u- People living in glass houses don't throw stones at others ",CellStrategic,"['China', 'COVID19Pandemic', 'Indian']",555,1,1,221
232,2020-06-23 11:21:20,"""In , outbreak at Xinfadi sparked chorus of calls to tighten hygiene controls in fresh food mkts. This incl a rebuke from Partys disciplinary watchdog, which published a piece attacking environmental  hygiene standards in mkts around the country""",ChinaBeigeBook,['China'],13504,4,1,246
233,2020-06-23 11:21:20,Cyber Security awareness talk for people on radio. Current topic - Cyber attack from  me with    on     ,tweetriz,"['China', 'hacking', 'cyberattack', 'FeverFM']",1581,1,0,104
234,2020-06-23 11:21:12, warns  over actions against 4 more media outlets ,APDiploWriter,"['China', 'US']",45844,1,2,50
235,2020-06-23 11:21:07, Import to : Government to curb  imports from China  India  News     from  ,moneybizines,"['China', 'India', 'pharma', 'Business', 'IndiaChinaStandOff', 'IndiaChinaFaceOff', 'GalwanValley', 'Galwan', 'IndiaChinaBorder', 'Imports', 'China']",830,1,0,75
236,2020-06-23 11:20:52,    India gives medicine to world. Shameless  gives  to world.,liquidstate90,"['China', 'CoronavirusOutbreak', 'BoycottMadeInChina']",1,0,0,62
237,2020-06-23 11:20:37, deriving sadistic pleasure by showing India in poor light: BJP's    ,FinancialXpress,"['Congress', 'SambitPatra', 'China']",648256,6,0,69
238,2020-06-23 11:20:25,Good News!Around 1000 pilgrims will be allowed to perform Hajj this year! At least the Hajj isn't getting cancelled. That's great news!,ayeshocks,"['hajj2020', 'China', 'ارطغرل_عمران_خان', 'SaudiArabia', 'EXO_SC', 'PMImranKhan']",950,5,0,135
239,2020-06-23 11:20:23,"I am really sad to express what Chinese people like this fellow in the pic claimed to be  founder think about  but yet I have anger inside me. I vow today not to use any  products. If Indians love , If Indians love , they sud hate  ",bikramdevpadhi,"['TikTok', 'Indians', 'Chinese', 'India', 'IndianArmy', 'China']",7,0,0,232
240,2020-06-23 11:20:22, should be prepared to counter their any kind of misadventure .       ,chunli010,"['Pakistan', 'China', 'ChinaComesModiRuns', 'chinaindiaborder', 'PakistanAirForce']",101,0,0,70
241,2020-06-23 11:20:21,Ohh no          ,StonerMan41,"['China', 'lockdown', 'Amazing', 'AmericaOrTrump', 'EXO_SC', 'twitch', 'fun', 'hajj2020', 'CedricChouviat']",99,1,0,16
242,2020-06-23 11:20:15,On 25 June 's Airbus  is set to depart from Seattle to Shanghai-Pudong via Seoul-Incheon.   ,aviavoice,"['Delta', 'A350', 'China', 'aviation']",1693,0,1,92
243,2020-06-23 11:20:10,"  The only solution is to declare that  having deliberately not abided by the Sino British Joint Declaration, is in an illegal occupation of . It must immediately get out. A referendum must be held to determine when to establish a sovereign state of . ",FreeD_West,"['China', 'HongKong', 'HK', 'ChinaGetOut']",1072,0,0,252
244,2020-06-23 11:20:08,     from  ://t.co/oYMwDWvkCF,moneybizines,"['IndiaChinaStandOff', 'IndiaChinaFaceOff', 'GalwanValley', 'Galwan', 'IndiaChinaBorder', 'Imports', 'China', 'Tyres', 'Automobile']",830,1,0,29
245,2020-06-23 11:20:07,CHINA INTERNAL RIVALRY ,narayan56449874,['China'],13,0,0,23
246,2020-06-23 11:19:55,The Prologue to Henry   on   publishes 2011 starts with  and the one and a half war. What if its rewritten in 2021?  ,dschauhan_IN,"['Kissinger', 'China', 'India', 'geopolitics']",138,0,0,117
247,2020-06-23 11:19:50, Why does  not dare to speak about the oppression that  is doing with ? Kab tak china ka pichwada muh se saaf karoge ? Kya majburi hai ?,NaveenPunekar,"['Pakistan', 'China', 'Uighur_Muslims']",0,0,0,136
248,2020-06-23 11:19:46,"    finger-pointing others for  issues didnt make itself right!Please help  to reflect on itself for the  ,    human right issues!",tckc612,"['china', 'HumanRights', 'ccpchina', 'Uyghurs', 'taiwan', 'hongkong', 'BoycottChineseProducts', 'CCP_is_terrorist']",371,0,0,130
249,2020-06-23 11:19:18, is the richer version of  .. This on was cool one  ,vdvishal,"['China', 'Pak']",160,0,0,52
250,2020-06-23 11:19:08,How can I know who is online on Twitter  ,Olathefunny,"['sexychallenge', 'China']",978,2,0,41
251,2020-06-23 11:18:58,Best non Chinese smartphone under budget 10000       ,ShaikhJawadAli4,"['BoycottMadeInChina', 'BoycottChineseProducts', 'MadeInIndia', 'China']",0,0,0,53
252,2020-06-23 11:18:50, Takes Another Step to Block  Products With New Rules  ,UrvashiPrakash,"['India', 'China', 'Trade']",1365,0,0,55
253,2020-06-23 11:18:44,$GLBS get in now its about to BLOW..            ,fduparticles,"['webull', 'StockMarket', 'stocks', 'Daytrader', 'investing', 'ElijahMcClain', 'China', 'coronavirus', 'RutosDownfall', 'twitch', 'WhiteLivesMatters', 'whitesLivesMatter']",332,1,0,48
254,2020-06-23 11:18:35,"Fantastic! A   complex  opened in Shunde City, south 's Guangdong Province with more than 20 catering robots producing nearly 2,000 dishes including Chinese food, hot pot and fast food like hamburgers. FOODOM can serve 600 people at the same time ",EDNewsChina,"['robot', 'restaurant', 'FOODOM', 'China']",6125,1,0,247
255,2020-06-23 11:17:49,"Navarro walks back his comment, saying it was not about phase 1 trade deal with  Its still a leak about further trade. Its still a leak about their blaming about -19, with Mnuchin sayin itBTW, So far China has only bought 13% of their commitment of soybeans ",askslim,"['China', 'COVID']",11489,2,0,258
256,2020-06-23 11:17:46,"   ://t.co/dLZT2JRpjhHearing Hainan IntimatelyUS Navy Flyby of Hainan used P-8 with APS-154 AAS (Advanced Airborne Sensor) wide-aperture, AESA (active electronically scanned array) radar with numerous capabilities ",softwarnet,"['china', 'Taiwan', 'Hainan', 'P8']",1963,0,0,214
257,2020-06-23 11:17:43, is torturing citizens of  ,nav_of,"['China', 'HongKong']",12,0,0,27
258,2020-06-23 11:17:37,"Govt to curb low-grade , opportunistic takeover of firms:        from ",moneybizines,"['imports', 'IndiaChinaStandOff', 'IndiaChinaFaceOff', 'GalwanValley', 'Galwan', 'IndiaChinaBorder', 'Imports', 'China']",830,1,0,70
259,2020-06-23 11:17:35, predicts cliff-like drop in Beijing's 2nd-wave COVID outbreak - Jun 23  7:16 AM ET ,PulpNews,['China'],4823,0,0,84
260,2020-06-23 11:17:28, Illiteracy in India  the United States was colonized by China   ,maodada15,"['China', 'India', 'Pakistan']",124,0,0,65
261,2020-06-23 11:17:22,    Prime Reason Behind China's Strategic Time Out at . To STOP the DELIVERIES.             ,Aryanaura,"['Galwan', 'China', 'ChinaIndiaFaceoff', 'galwanvalleyclash']",332,1,0,92
262,2020-06-23 11:17:20,"The  flows to  from the Aksai Chin, a part of JK under the illegal control of . It originates from Samzungling on the eastern side of the Karakoram range and flows West to join the Shyok. ",TheStatesmanLtd,"['GalwanRiver', 'Ladakh', 'China']",12545,4,3,188
263,2020-06-23 11:17:17," \'s  says,""Upholding of international norms is the only way to ensure a durable worldorder"",while  hs bn long working towards junking d current  led -centric worldorder  replace it wth a new -centric worldorder",Vatsanjeev,"['India', 'China', 'UnitedNations', 'West', 'China', 'PoliticallyStuck']",56,0,0,211
264,2020-06-23 11:17:14, launches final  in GPS-like       via  ,Eagleeye47,"['China', 'satellite', 'Beidounetwork']",8243,1,0,40
265,2020-06-23 11:17:13,LIVE   at CWEC meet said that the reason why  acted is failure of foreign policy.Follow for updates: ,TheQuint,"['RahulGandhi', 'China']",539609,16,2,101
266,2020-06-23 11:17:09,"  Tamah roozie hindustanus of Azad  infact, I hope they loose  to  soon and then Indian occupied  can also gets its freedom",JanKashur,"['kashmir', 'ladakh', 'China', 'Kashmir']",208,0,0,123
267,2020-06-23 11:16:48,"  I think u have forget to mentioned 1967, in which India had brutally killed  In 1971   lost the war from  In  how  has broken the neck and smashed the face of   coward soldiers. This is big shame 4  ",Baahuba81796263,"['PLA', 'china', 'PLA', 'vietnam', 'GalwanValleyLadakh', 'IndianArmy', 'PLA', 'ChineseCommunistParty']",4,0,0,201
268,2020-06-23 11:16:23,Let's teach a lesson for both  and  by pulling out of  agreement. They need medicine from us but they need  to be theirs friend. Come India let's put a hurdle during this time    ,Chay_vankar,"['Nepal', 'Pakistanis', 'Safta', 'China', 'Indialeavessafta']",28,0,0,179
269,2020-06-23 11:16:08,Visa free countries for indian                        ,Unblog5,"['Indian', 'Visakhapatnam', 'free', 'Nepal', 'China', 'Mumbai', 'Delhi', 'Lucknow', 'Dubai', 'NEW', 'news', 'Facts', 'Trending', 'ahemdabadnews', 'goals', 'traveling', 'Tourism', 'Rajasthan', 'London', 'Indonesia', 'Bangladesh', 'America', 'TuesdayThoughts', 'tuesdayvibes']",6,0,0,54
270,2020-06-23 11:16:02,"Even as the calls for '' gather pace, a report says there are at least 8 -manufactured machines being used to dig tunnels for big-ticket projects in ://t.co/Zhfw9RpqSt",moneycontrolcom,"['BoycottChineseProducts', 'China', 'Mumbai']",861110,9,2,167
271,2020-06-23 11:15:46,a beautiful  pic: enn heng   ,naturerr,"['sky', 'china']",7138,73,31,29
272,2020-06-23 11:15:38,China is resorting to aggressive acts abroad to avert domestic discontent.       ://t.co/ECdqQ7qQH8,NAR,"['China', 'India', 'coronavirus', 'covid19', 'economy', 'Himalayas', 'Modi', 'XiJinping']",202954,11,6,99
273,2020-06-23 11:15:33,From the archives:  Chinese  Keep Disappearing. This Congressman Wants Answers   ,Schpiel_Tweets,"['Journalists', 'china', 'coronavirus']",18415,0,0,81
274,2020-06-23 11:15:19, Mighty dragon asking donkeys help. Shows the superpower status of     ,irahul007,"['China', 'CCP', 'IndiaPushesBackChina', 'India']",73,0,0,71
275,2020-06-23 11:15:18,"""The worst fears about Chinas ambitions to dominate Hong Kong and destroy its democratic ways are materializing.""   ",Seanan,"['HongKong', 'China']",1545,0,0,116
276,2020-06-23 11:15:06,China  festival goes ahead but virus takes a toll  country run by dogs as politicians.    ,schestowitz,"['dogmeat', 'cpc', 'ccp', 'china', 'cn']",7906,1,1,90
277,2020-06-23 11:15:01,The big fill:  estimates  crude  inventories will  by 440-million barrels over the first six months of 2020  ,ITOnlineSA,"['China', 'oil', 'increase']",2535,0,0,109
278,2020-06-23 11:15:00,"Accusing  of trying to ""divide the nation"" and ""demoralise"" the armed forces during crucial situations,  president J P Nadda asked on Tuesday if it was the ""effect"" of the MoU the Congress had signed with the Communist Party of .",EconomicTimes,"['BJP', 'China']",3615344,37,8,229
279,2020-06-23 11:14:59,Rahul Gandhi does not take any series in India.He is a 50yrs old child.   ,Rooppatti,"['IndiaPushesBackChina', 'China', 'galwanvalleyclash']",138,1,0,74
280,2020-06-23 11:14:52, Puppet of ,sunilksethia,['china'],15,0,0,11
281,2020-06-23 11:14:43,These days  is behaving like Lays ka 5 rs. Wala pack...sirf Hawa... ,SinghRituRaj_,['China'],106,0,0,68
282,2020-06-23 11:14:42,"  China is not our friend. Just like that, everyone stopped talking about the origins of the ""WUHAN VIRUS"". Let\'s not forget this was a Biological Weapon unleashed upon the Free World. ",OHole17,['China'],1237,1,1,186
283,2020-06-23 11:14:33," Or perhaps, it's no longer even acting as a conduit between  and . Just 's puppet now",butterflySerend,"['CCP', 'HongKongers', 'China']",37,1,0,86
284,2020-06-23 11:14:32,"           India and Chinese have Agreed to Ease down the Tension over Border Situation.Chinese Government is still trying to hide Casualties Figures, Don't know why? ",AKSHAYYADAV131,"['India', 'China']",319,0,0,167
285,2020-06-23 11:14:22,New    A320-251N  flying near  at 6150ft at 272.4mph heading SW with tail B-30EZ  781939      ,Foxcharlie,"['Aircraft', 'Airbus', 'HongKong', 'ChinaSouthernAirlines', 'China', 'ADSB', 'RaspberryPi']",73,0,0,94
286,2020-06-23 11:14:16,Any country that condones brutal killings of innocent beings like  does in  every year should be ashamed! FU  !! I hope Covid-19 finds you all. Bastards from  may you and generations of your offsprings never find peace!,Rascal207,"['China', 'Yulin', 'China', 'Yulin']",392,0,0,219
287,2020-06-23 11:14:00," ordered attack on Indian troops in  : US IntelligenceA senior Chinese general authorised his forces to attack  in the week, resulting in killing dozens  escalated tensions between the two  ",Eagleeye47,"['China', 'GalwanRiverValley', 'Indiantroops', 'GalwanValley']",8243,0,0,190
288,2020-06-23 11:13:55,Five Indigenous  Systems  Can Induct To Narrow Gap In  Capabilities With   via ,prateekpandya,"['Weapon', 'India', 'Military', 'China']",247,0,0,79
289,2020-06-23 11:13:51," starts ring-fencing its Emperor 11, to avoid impending economic sanctions.  and the world are watching. Blaming a trigger- happy general wont stop their trade loss.The world wants an apology first for , and then .",jvbakshi,"['China', 'India', 'COVID19', 'GalwanValley']",1944,0,0,214
290,2020-06-23 11:13:38,"  rise 300 points after  clarifies that U.S.   deal isn't over, with agreement via  by President Trump - will  rally again, especially  heavy  lead by    ? ",ayokasystems,"['stocks', 'futures', 'Navarro', 'China', 'trade', 'Twitter', 'markets', 'technology', 'Nasdaq', 'Apple', 'Microsoft']",1323,0,0,156
291,2020-06-23 11:12:49,"Pakistan has become the first foreign country to use China-based global positioning system (GPS), following a bilateral agreement aimed at strengthening cooperation in satellite navigation system.  ",CPSDOfficial,"['Pakistan', 'China']",864,2,0,198
292,2020-06-23 11:12:43,After India goes begging to Russia for help it has been told categorically that dispute between $India   doesn't need any help or interference from the outside. In other words India told to GET LOST!   ,MF_insaf,"['China', 'chinaindiaborder', 'IndiaChinaBorder', 'kashmir']",38,0,0,202
293,2020-06-23 11:12:10," IF YOU REALLY WANT TO KNOW WHAT IS HAPPENING IN THE UNITED STATES, TAKE THE TIME TO WATCH THIS VIDEO.                ",SPECULATOR444,"['USA', 'PROTESTS', 'BLM', 'ANTIFA', 'SUBVERSION', 'WHITE', 'BLACK', 'UK', 'POLITICS', 'LAW', 'TRUMP', 'BLACKLIVESMATTER', 'USSR', 'RACISM', 'RUSSIA', 'CHINA']",105,0,0,118
294,2020-06-23 11:12:08," Products: Govt seeks product-wise details from industry to curb cheap, low-quality  from China:   News    ",moneybizines,"['China', 'imports', 'India', 'Business', 'GalwanValley', 'Galwan']",830,1,0,107
295,2020-06-23 11:12:01,All the tea NOT in CHINA - a Lament.  via     ,Trebornotrub,"['tea', 'china']",1627,0,0,46
296,2020-06-23 11:11:45,Have your    boss  incremented your salary? ,vk_bhatia2014,['china'],195,0,0,44
297,2020-06-23 11:11:36, is a ass clown.. actually the entire  administration are ass clowns..  ,johnnyb312,"['Navarro', 'trump', 'China', 'coronavirus']",328,0,0,72
298,2020-06-23 11:11:18,Khel Das Kohistanis Speech in National Assembly  22 June 2020  Link:            ,CTV_Digital,"['CapitalTV', 'NASession', 'China', 'IndiaChinaTension', 'India', 'NarendraModi', 'NationalAssembly']",610922,6,0,80
299,2020-06-23 11:11:08,In this episode JC and I interviewed Lucy Liu from !What a story:- 4 Chinese co-founders- Starting in Australia- Returning back to  w/ a foreign company- Building unique  multi-cultural team- Scaling globally,yourchinaguy,"['China', 'yourchinaguy']",2472,0,0,208
