timestamp,tweet_text,username,all_hashtags,followers_count,favorite_count,retweets_count,length_of_tweet
2020-05-18 14:21:38,b'This is upsetting https://t.co/HXoq0ro5Jl',b'donachaidh',[],3145,0,0,41
2020-05-18 14:21:38,"b""Alex Azar comes under fire for blaming U.S. coronavirus death toll on African Americans' health | Daily Mail Online https://t.co/gXI9MedScz""",b'wagepeace',[],3537,0,0,139
2020-05-18 14:21:38,b'U.S. Media Parrot Chinese Propaganda About Coronavirushttps://t.co/Ul2LG5BSMT',b'kentpg',[],21674,0,0,77
2020-05-18 14:21:38,"b""Republicans say they're moving ahead with plans to gather tens of thousands of people at their presidential nominating convention in North Carolina this summer \xe2\x80\x94 even as Democrats weigh their options for convening during the coronavirus pandemic. https://t.co/BXqlACvK8n""",b'WUWMradio',[],14247,0,0,272
2020-05-18 14:21:37,b'Low mortgage rates are contributing to a faster-than-expected recovery in homebuyer demand. #MondayMotivation #mortgage #mortgagerates #interestrates #coronavirus https://t.co/EgzY2VNcD2',b'ContourMaryland',"['MondayMotivation', 'mortgage', 'mortgagerates', 'interestrates', 'coronavirus']",159,0,0,186
2020-05-18 14:21:36,"b""@OMGIsthisreal2 @TomFitton @realDonaldTrump @US_FDA Researchers at NYU's Grossman School of Medicine found patients given the antimalarial drug hydroxychloroquine along with zinc sulphate and the antibiotic azithromycin were 44 percent less likely to die from the coronavirus.https://t.co/1RrKpqS9Lz""",b'ShawnLarson23',[],689,0,0,299
2020-05-18 14:21:36,"b""\xe2\x9c\x8d\xef\xb8\x8fNEW FEATURE\xe2\x9c\x8d\xef\xb8\x8fHow can the FA provide a boost for women's football when the #coronavirus crisis? How about combining the League Cups from the men's and the women's game? | @jessyjph https://t.co/cJwQgSeHOO""",b'TheTotallyShow',['coronavirus'],47091,0,0,213
2020-05-18 14:21:35,b'@realDonaldTrump @washingtonpost You\xe2\x80\x99ve done as good a job on Coronavirus testing As you did in your college testing ~ that you sued to keep hidden.  #SuperDuperDumbass https://t.co/KokMf6h4wa',b'Amber67157106',['SuperDuperDumbass'],664,0,0,194
2020-05-18 14:21:35,b'Finger pointing within the Trump Admin at CDC is wrong. ///https://t.co/fe8ihP6moD',b'dlaf96',[],110,0,0,82
2020-05-18 14:21:35,b'@realDonaldTrump There were 11 cases and 2 deaths. Trump thought we should be quarantined. #MAGAts #Hypocrites #COVID19 #coronavirus #Biden2020',b'G_Shimer',"['MAGAts', 'Hypocrites', 'COVID19', 'coronavirus', 'Biden2020']",1173,0,0,143
2020-05-18 14:21:34,b'South Africa\xe2\x80\x99s Cyril Ramaphosa jokes about arrest for breaking coronavirus\xc2\xa0rules https://t.co/ytxC5tsroA',b'trendspoint10',[],3611,0,0,107
2020-05-18 14:21:34,b'Yet another Government response we were told is essential to tackling COVID is to be delayed. Perhaps making school opening conditional on some of these policies would persuade Ministers to get their fingers out.https://t.co/erevHWAvvj',b'MartynWilliams2',[],1917,0,0,235
2020-05-18 14:21:34,b'#EU on brink: Brussels in meltdown as production and manufacturing levels collapse@walshr108https://t.co/N2fTxl6QzD',b'C_W_UK',['EU'],2112,0,0,115
2020-05-18 14:21:34,"b'The government must urgently investigate the unexplained 10,000 additional deaths we saw in our care homes in April. Our social care sector has been tragically let down, and the families who have lost their loved ones deserve answers.https://t.co/OrkynjPMrO'",b'AngelaRayner',[],218011,1,0,257
2020-05-18 14:21:33,b'@SecPompeo The US was formally notified by China about Coronavirus in early Jan. Donald Trump Spent Months Saying Everything Is Fine as U.S. Coronavirus Cases Skyrocketedhttps://t.co/ln2YVgAfvv',b'hammer_meteor',[],1,0,0,193
2020-05-18 14:21:33,"b'China backs investigation into \xe2\x80\x98global response\xe2\x80\x99 to coronavirus https://t.co/wkU8SIGtpm The Chinese Communist Party, which has been roundly criticized for downplaying the seriousness of the coronavirus outbreak, said Monday it would cooperate with an independent investigation\xe2\x80\xa6 https://t.co/c4rkEZ8oFm'",b'Desirulezzz',[],22,0,0,307
2020-05-18 14:21:33,"b'ok but harry\'s ""this video is dedicated to touching"" may be about the fact that the coronavirus is keeping us apart from our loved ones and that makes me happy and sad at the same time #WatermelonSugar #HarryStyles https://t.co/ZJR2Cxquu1'",b'harrysbaby04',"['WatermelonSugar', 'HarryStyles']",754,0,0,238
2020-05-18 14:21:33,"b""A holy war is coming. Trumpy &amp; the #FoxNewsFools vs America. These idiots are sharing #Coronavirus and believe that taking #Hydroxychloroquine will somehow protect them. They're like the suicide bombers who were told the bomb only goes towards their targets and they can walk away""",b'Souplines',"['FoxNewsFools', 'Coronavirus', 'Hydroxychloroquine']",54,0,0,284
2020-05-18 14:21:33,"b'Trump, in response to \xe2\x80\x9860 Minutes\xe2\x80\x99 interview, claims whistleblowers like Rick Bright are \xe2\x80\x98causing great injustice and harm\xe2\x80\x99 https://t.co/hHYKvfYufi - OMG! WTF! Donald is looking for ABSOLUTE POWER, NO OVERSITE, NO LAW BREAKING TOO INSANE!'",b'aburnhamuu',[],44,0,0,246
2020-05-18 14:21:33,"b'Eve Echoes delayed due to coronavirus, now coming this August ~ visit; https://t.co/OWNet5ayDN'",b'virginiawelch9',[],90,0,0,94
2020-05-18 14:21:33,"b'Sales in retail, which supports more than one-quarter of the U.S. workforce, fell by record numbers last month. The clothing sector led the way, with a more than 78 percent drop in sales from March, after stores shut down across the country. https://t.co/jFLXJFTY6Q'",b'CBSEveningNews',[],319539,0,0,265
2020-05-18 14:21:32,b'@DebraMessing @RepSwalwell @EricHolder @allontheline How do we get the networks to cover someone else besides Trump? Joe Biden gave a speech on the coronavirus and the economy and not even MSNBC covered it. They were too busy broadcasting trumps craziness.It\xe2\x80\x99s 2016 all over again. https://t.co/6y7WAq2dkX',b'Donato3d',[],22,0,0,307
2020-05-18 14:21:32,b'The president\xe2\x80\x99s job is to manage risk. But Trump is the risk. https://t.co/HQYh8I93sV #SmartNews',b'LisaKeel9',['SmartNews'],6663,0,0,98
2020-05-18 14:21:32,b'How the development of apps can support companies during\xc2\xa0Coronavirus https://t.co/zkUGikYbeR',b'LovelyLisaBaker',[],1841,0,0,93
2020-05-18 14:21:32,b'#Farmworkers deemed \xe2\x80\x98essential\xe2\x80\x99 but are left unprotected during #coronavirus pandemic #agriculture2020#satyathome #besafe#Euroscicon https://t.co/rMsXQELY1X',b'Rebecca84752158',"['Farmworkers', 'coronavirus', 'agriculture2020', 'satyathome', 'besafe', 'Euroscicon']",13,0,0,160
2020-05-18 14:21:32,b'Looking for a Clan \xe2\x99\xa5\xef\xb8\x8f#Fortnite #COVID19 #coronavirus #FortniteClips #FortniteChapter2 #FortniteCompetitive #FortniteArt #sweaty #GOAT #Lockdown4 https://t.co/W08vCvzBZe',b'YT_Mypzy',"['Fortnite', 'COVID19', 'coronavirus', 'FortniteClips', 'FortniteChapter2', 'FortniteCompetitive', 'FortniteArt', 'sweaty', 'GOAT', 'Lockdown4']",4,0,0,172
2020-05-18 14:21:32,"b'Moderna\xe2\x80\x99s coronavirus vaccine just showed signs of success in a preliminary study, raising early hopes in the fight against the pandemic https://t.co/X93hcbVwUK A pharmacist gives Jennifer Haller, left, the first shot in the first-stage safety study clinical trial of a potent\xe2\x80\xa6 https://t.co/wAL7Ssgnew'",b'Desirulezzz',[],22,0,0,305
2020-05-18 14:21:31,b'The Coronavirus vaccine is how all my coworkers pronouce my name - mrna https://t.co/7EnGLSN66Q',b'MarinaErnst22',[],114,0,0,95
2020-05-18 14:21:31,"b'Telephone conversation with Turkish President Recep Tayyip Erdogan: coronavirus pandemic, the situation in Syria and Libya https://t.co/fBZFbQNV8y'",b'FromRoj',[],1609,0,0,146
2020-05-18 14:21:31,"b""Moderna's coronavirus vaccine just showed signs of success in a preliminary study, raising early hopes in the fight against the pandemic https://t.co/AHoJGELJzm via @businessinsider""",b'jussarateacher',[],70,0,0,181
2020-05-18 14:21:31,b'@notcapnamerica @thekjohnston So this numbnut thought the coronavirus was a fake crisis. Now he is in the hospital\xf0\x9f\xa4\xb7\xf0\x9f\x8f\xbd\xe2\x80\x8d\xe2\x99\x82\xef\xb8\x8f.And....\xf0\x9f\x99\x84',b'Graymtl',[],38,0,0,143
2020-05-18 14:21:31,"b'I\xe2\x80\x99m preaching to the choir, sorry Adam.  I\xe2\x80\x99m enraged by the ignorance and willful blindness to allowing \xe2\x80\x9cgenocide\xe2\x80\x9d of minorities who have historically little access to healthcare, elderly, the predisposed ... no response to preparing our country the Coronavirus.  Thanks!'",b'FiddleDeeDee60',[],80,0,0,279
2020-05-18 14:21:31,b'Trump says theres been lots of progress with coronavirus.But no specifics. I would suggest all hot air.Perhaps he has come up with another kind of killer hydro...Trump says Obama grossly incompetent. Perhaps he should look in the mirror to see the real perpetrator.. https://t.co/O5PZmYLE82',b'1crusader12',[],11,0,0,290
2020-05-18 14:21:31,b'South Africa\xe2\x80\x99s Cyril Ramaphosa jokes about arrest for breaking coronavirus rules https://t.co/rG8xOxSCZj South African President Cyril Ramaphosa has been criticised for posing for photos with strangers despite telling people to keep their distance to reduce the spread of coro\xe2\x80\xa6 https://t.co/LGrBQAP4Zy',b'Desirulezzz',[],22,0,0,305
2020-05-18 14:21:31,"b""\xe2\x80\x9cThe cyclone, expected to make landfall on Wednesday, comes as India eases the world's longest lockdown, imposed in April against the coronavirus which has infected more than 96,169 people and killed 3,029 in India.\xe2\x80\x9d https://t.co/APbpM5DgK5""",b'RealHotTake',[],4378,0,0,244
2020-05-18 14:21:30,"b'@ETNOWlive @HardeepSPuri @NayantaraRai @MoCA_GoI @MoHUA_India @DIPPGOI Please let NRIs go to their home country. We respect India and its management to contain the coronavirus. We NRIs are also helpless, please open international air travel and let us go. We will follow all strict SOP, just allow us to go from India.'",b'sourabhgupta_nz',[],2,0,0,318
2020-05-18 14:21:30,"b'This is so good, in its prescience, for something to appear in a Vaguely Progressive, But Still Centrist Mainstream Media Outlet. Great piece from @NesrineMalik https://t.co/Z9kPlVzfrs'",b'methanoma',[],12,0,0,184
2020-05-18 14:21:30,"b'Ohio\xe2\x80\x99s Amy Acton inspires admiration, and a backlash, with tough coronavirus response https://t.co/OoI3GwJhiA'",b'txgypsywoman',[],138,0,0,111
2020-05-18 14:21:30,"b'Have a serious question/concern for you Sir. Trump calls himself a \xe2\x80\x9cWar Time President\xe2\x80\x9d re: Pandemic &amp; His self-proclaimed \xe2\x80\x9cGreatest, Best Ever, Fastest, Most Effective Response to Fighting the Coronavirus &amp; so much more....\xe2\x80\x9d.   We indeed are in a grave health war. https://t.co/yerkrbj3Qe'",b'FiddleDeeDee60',[],80,0,0,305
2020-05-18 14:21:30,"b'@L_D_Grant and I still felt it in my chest (wheeziness rather than pain though). I also bought a pulse oximeter which suggested my oxygen concentration in my blood was a bit too low, I ended up going to hospital to get that checked (I was fine). https://t.co/PRBs4AxddZ'",b'gmallon70',[],655,0,0,269
2020-05-18 14:21:29,"b'@Pello09 @OzraeliAvi Do U KNOW how &amp; why #CCPVirus_Coronavirus  spreading all World\xe2\x81\x89\xef\xb8\x8f Time to KNOW\xe2\x80\xbc\xef\xb8\x8f#CCPVirus_Coronavirus was created by #CCP for Stopping #HKPeople Protesting\xe2\x80\xbc\xef\xb8\x8fLater intentionally spreading the WORLD\xe2\x80\xbc\xef\xb8\x8fIf World Stood Up to Help GREAT #HKPeople 2019, NO #CCPVirus Coronavirus 2020\xe2\x80\xbc\xef\xb8\x8f'",b'Golden35577872',"['CCPVirus_Coronavirus', 'CCPVirus_Coronavirus', 'CCP', 'HKPeople', 'HKPeople', 'CCPVirus']",317,0,0,321
2020-05-18 14:21:29,b'Boris Johnson under fire over promised workplace inspections https://t.co/utMcr35u6V',b'IndyPolitics',[],36533,0,0,84
2020-05-18 14:21:28,b'Links for tweet@AngusMacNeilSNP@HannahLind9@MhairiBlack@Ianblackford_MP@NicolaSturgeon@theSNP@AlexSalmond#indyref#indyref2#ScotlandsRightToChoose#DissolveTheUnion#exBrit#IamEuropean#scottishindependence#FBPE#CummingsMustGo#ToriesOut#coronavirus#MedalsForHeroes https://t.co/7RvyS5CNiE',b'LetAlbaSoar',"['indyref', 'indyref2', 'ScotlandsRightToChoose', 'DissolveTheUnion', 'exBrit', 'IamEuropean', 'scottishindependence', 'FBPE', 'CummingsMustGo', 'ToriesOut', 'coronavirus', 'MedalsForHeroes']",227,0,0,284
2020-05-18 14:21:28,"b""Thousands of Hoosiers wait hours at one of Indiana's largest pandemic food distributions https://t.co/WXyflosEVm""",b'MavPR',[],1711,0,0,112
2020-05-18 14:21:28,"b'Coronavirus: Wearing surgical masks can reduce COVID-19 spread by 75%, study claims https://t.co/hrCwrregfI'",b'gellilyfdy',[],172,1,1,107
2020-05-18 14:21:28,b'COVID-19: Over a million likely to be evacuated due to Cyclone Amphan #Coronavirus https://t.co/Me7OkJ0uIJ',b'softwaregeek',['Coronavirus'],2361,0,0,106
2020-05-18 14:21:28,b'Coronavirus: No new deaths recorded in Worcestershire hospitals https://t.co/SRE82Psp50',b'MalvernGazette',[],5168,0,0,87
2020-05-18 14:21:27,"b'The Apple doesn\xe2\x80\x99t fall far from the tree: Eric Trump claims coronavirus is Democratic hoax, will \xe2\x80\x98magically\xe2\x80\x99 vanish after 2020 election https://t.co/eF0ICK2IqM'",b'JonChevreau',[],66409,0,0,165
2020-05-18 14:21:27,b'@highdesk306 GTL doesnt stop because of coronavirus.',b'EscarGlot',[],301,0,0,52
2020-05-18 14:21:27,b'Where Do White Evangelicals Get Their Coronavirus News? The White House #misformation https://t.co/5UGlSwwudZ',b'dlawson123',['misformation'],86,0,0,109
2020-05-18 14:21:26,b'Rollout of NHS contact-tracing app likely to be delayed until June https://t.co/WUkDOjcEPF',b'mellors_karen',[],13146,0,0,90
2020-05-18 14:21:25,b'Read @HananZaffar report for @The_NewArab on how India is  zeroing in on muslim student activists involved in widespread anti-government protests yesteryear using coronavirus lockdown garb. https://t.co/btn1vsey6B',b'faizanraa969',[],62,0,0,213
2020-05-18 14:21:25,"b'Four years on, this is at least half true, but not in the way he meant. #Covid19 #coronavirus https://t.co/4xxjCOccAG'",b'juliansheasport',"['Covid19', 'coronavirus']",2024,0,0,117
2020-05-18 14:21:25,"b""@seanhannity Dotard Tunt removed CDC staff from inside China, ignored warnings, played golf, cheated on Malaria &amp; ranted endlessly on Twitter while Americans died...Dotard's Body Count 89,932.#MAGAVirus  https://t.co/353U9SyLpJ""",b'RFrumpf',['MAGAVirus'],2692,0,0,231
2020-05-18 14:21:25,"b'@zswartz In NYC, the epicenter of the coronavirus, the death rate for 18-44 yrs-old is\xc2\xa00.016% &amp; hospitalization rate is 0.18%. Why aren\xe2\x80\x99t we sending low-risk people back to work? Millennials alone are more than 1/3 of the labor force.'",b'MichalakJim',[],31,0,0,241
2020-05-18 14:21:24,"b'@politico ""Federal officials reportedly told a Seattle lab researching the flu not to test swab samples for coronavirus before the outbreak took hold of Washington state \xe2\x80\x94 a potential missed opportunity early on in the US outbreak."" https://t.co/N1VyTuuPLa'",b'FluxMulder',[],182,0,0,258
2020-05-18 14:21:24,b'Murphy says he\xe2\x80\x99ll \xe2\x80\x98pull the brakes\xe2\x80\x99 on N.J. beaches if coronavirus cases start to spike. \xe2\x80\x98We\xe2\x80\x99ll have no choice.\xe2\x80\x99 https://t.co/H69HoMvB6z',b'MikeKinneyHS',[],13874,0,0,148
2020-05-18 14:21:24,b'RDTs do not tell whether a person has coronavirus #Nepal #TodayInNepal #NepNews247 https://t.co/QnMjcN3dLh',b'nepnews247',"['Nepal', 'TodayInNepal', 'NepNews247']",295,0,0,106
2020-05-18 14:21:24,"b'@GreshsBadCliche @CityOfBoston @MassGeneralNews You do realize that the COVID19 precautions are designed to protect YOU, right?You will be at a high risk of hospitalization or death if you get it. You understand that, right?  7% of people who get COVID19 in MA die. Nearly all with at-risk conditions.https://t.co/QgBrphn50N'",b'ElMcClelland',[],556,0,0,324
2020-05-18 14:21:24,"b""These Do's and Don\xe2\x80\x99ts will help you wear that mask with confidence. Embrace wearing a mask and rest assured that you are helping yourself and others stay safe.Buy at: https://t.co/2IsleLzl1Z#Masks #Masks4All #maskchallenge #Covid_19 #COVID19 #coronavirus #ecoworkx https://t.co/8tuxE59Mvk""",b'ecoworkx',"['Masks', 'Masks4All', 'maskchallenge', 'Covid_19', 'COVID19', 'coronavirus', 'ecoworkx']",4,0,0,290
2020-05-18 14:21:24,b'Coronavirus and the Universal Basic Income https://t.co/mSZUyjPcTt',b'mpcsmith',[],2935,0,1,66
2020-05-18 14:21:23,"b'Never Want To See A Big City Again, Says Woman Waiting To Return To UP https://t.co/PQyH2QCpOl'",b'KSMANN',[],1925,0,0,94
2020-05-18 14:21:23,"b'Unemployment is skyrocketing but so are stock prices. The y is longer than a tweet, but heres this gem Treasury is handing out billions in cash to companies laying off 30M+ workers. Instead of mandating biz keep workers on payroll in exchange for public $$ https://t.co/6eZwzGdlsf'",b'Charles_Darkley',[],1147,0,0,280
2020-05-18 14:21:23,"b'""So You Want to Be a Contact Tracer?"" by BY JACEY FORTIN via NYT https://t.co/txpH4uZ1KR'",b'DrWaldoAyurveda',[],681,0,0,88
2020-05-18 14:21:22,"b'To allow New Yorkers to stay active and enjoy the warmer weather, outdoor tennis courts are now open. Social distancing measures remain in effect. #tennis #covid19 #coronavirus #outdoorfun #outdoortennis https://t.co/wU05EvdDpn'",b'fred_thiele',"['tennis', 'covid19', 'coronavirus', 'outdoorfun', 'outdoortennis']",135,0,0,227
2020-05-18 14:21:22,"b""Why didn't the government protect us earlier from coronavirus? https://t.co/mBfygcBLPl""",b'Abdul248Abdul',[],1678,0,0,86
2020-05-18 14:21:21,"b""https://t.co/ShiMqEEtqz Some #disabled not on Govt  list threatened with sack if don't return to work despite H&amp;S reservations.. Its not a level playing field out there""",b'TrishaL8',['disabled'],4705,0,0,172
2020-05-18 14:21:21,"b'In today\xe2\x80\x99s Coronanomics, read @MeyerResources analysis of how governmental decision affected the economy during the coronavirus pandemichttps://t.co/1cG0oQkc0D https://t.co/UgfFHsIy8u'",b'arabnews',[],267691,0,1,185
2020-05-18 14:21:21,b'Update: My GP is putting me on Doxycycline. I just spoke to her saying I\xe2\x80\x99m still struggling with my breathing and taste/smell on week 9. Just in case any of you are still experiencing these symptoms.#COVID19 #coronavirus #Covid_19',b'gemmahep',"['COVID19', 'coronavirus', 'Covid_19']",3502,0,0,232
2020-05-18 14:21:20,b'@PopRelics @MaraGay You might enjoy this:https://t.co/Wdx2BgswtT',b'WintrRavenheart',[],15,0,0,64
2020-05-18 14:21:20,"b""@realDonaldTrump Um, Coronavirus happens to be spreading to red state rural areas, due to your inciting protests, fella. Good luck on getting reelected.  You're thinning out your own herds.""",b'JayGats63800810',[],374,0,0,189
2020-05-18 14:21:20,"b""I saw a comment where someone said the democrats don't want coronavirus to end.Where are they getting this nonsense!""",b'VeryLovelyLJ',[],236,0,0,116
2020-05-18 14:21:20,b'Dem-imposed coronavirus orders face lawsuits across the nationhttps://t.co/7TPtT7KIh4',b'kushflavrdjager',[],3564,0,0,85
2020-05-18 14:21:20,"b'It\'s not like theres over 30,000 deaths in the UK due to Coronavirus but let\'s celebrate Celtic\'s title ""win"" \xf0\x9f\xa4\xa6\xf0\x9f\x8f\xbc\xe2\x80\x8d\xe2\x99\x80\xef\xb8\x8f\xf0\x9f\xa4\xa6\xf0\x9f\x8f\xbc\xe2\x80\x8d\xe2\x99\x80\xef\xb8\x8f https://t.co/D59DsMnzyd'",b'kaitlin_mct98',[],483,0,0,168
2020-05-18 14:21:19,"b'The #economy is taking an unprecedented hit during the #Coronavirus Pandemic, but a recovery is around the corner.WATCH: https://t.co/owMWB71Flq'",b'USPolicyNews',"['economy', 'Coronavirus']",6,0,0,144
2020-05-18 14:21:19,"b'In these difficult times, it\xe2\x80\x99s important to have the right information about what help and support is available. USwitch have created some audioguides about support available during the Coronavirus outbreak. Links here:https://t.co/rO7RGhyrFQ https://t.co/VofuYR1mov'",b'MoneyadviceW',[],71,0,0,268
2020-05-18 14:21:18,"b'1,500,173 cases of the coronavirus in the US     90,191 deaths in the USIf @realDonaldTrump had a plan it sure ain\'t working.  If his claim is that the previous admin left just ""a few pieces of paper"" why didn\'t he start on his own plan with advisors?'",b'vern1105',[],96,0,0,251
2020-05-18 14:21:18,b'https://t.co/WS4RzixXy0Number 10 confusing things. Surely not.',b'daniellejade198',[],11120,1,0,62
2020-05-18 14:21:18,"b'Almost 90,000 dead and no hint of national mourning. Are these deaths not \xe2\x80\x98ours\xe2\x80\x99? https://t.co/9dsIS4gVO2'",b'TEUTENBURG',[],63,0,0,109
2020-05-18 14:21:17,"b'@Xy5Z89@pmakela1@EndGameWW3@Faytuks#COVID19#UPDATE Russian PM Mikhail Mishustin said Monday that the growth in new #coronavirus cases had been stopped in the country as it reported under 9,000 infections for the first time since the beginning of May Source: @AFP https://t.co/wSoESoh5bz'",b'Alexand92155558',"['COVID19', 'UPDATE', 'coronavirus']",143,0,0,286
2020-05-18 14:21:17,"b""@catturd2 Great News! So far no spike in coronavirus in places reopening US health secretary says. 45Million American families are now suffering financially creating huge issues. Healthy people shouldn't be locked down ruining Americans ability to support families! https://t.co/yuLiLawrls""",b'wdunlap',[],221123,0,0,289
2020-05-18 14:21:17,"b""'A new normal': how coronavirus will transform transport in Britain's cities https://t.co/0c1zXa9GJa""",b'BridMcGrath',[],2143,0,0,100
2020-05-18 14:21:17,"b'@mubi MUBI, the online streaming service and film distributor, has created a UK Cinemas Fund to help support cinemas across the UK impacted by the coronavirus pandemic.https://t.co/EweNRjAjJz'",b'MoxieMcMurder',[],2892,0,0,191
2020-05-18 14:21:16,b'The Biggest Existential Threat to Restaurants Remains Unresolved  https://t.co/vHKhAJ1krp https://t.co/FxOyqWxTM0',b'eater_london',[],30,0,0,113
2020-05-18 14:21:16,b'@IAmFrankButcher @tiawills2 @Miditun @StephenDrew72 @vicgoddard @popejames @campbellclaret @GMB https://t.co/LGHQ2UZWKbMaybe just move on now fella.',b'MrRoberts_1',[],1013,0,0,148
2020-05-18 14:21:16,"b'@SenateGOP United StatesCoronavirus Cases:1,529,291Deaths:91,005GOP WORKS FOR @Heritage LOBBYISTS like @GroverNorquist ALEC FAILED GOVERNING!'",b'DeeJayRobA',[],872,0,0,141
2020-05-18 14:21:16,"b'#Family of migrant workers pull a vending cart as they are going back to their native place in Uttar Pradesh as the government eased a nationwide #lockdown as s preventive measure against the COVID-19, in New Delhi #Lockdown4#migrantsworkers#photojournalism #coronavirus https://t.co/JlAx3DsYSU'",b'Rahulphoto_',"['Family', 'lockdown', 'Lockdown4', 'migrantsworkers', 'photojournalism', 'coronavirus']",475,0,0,294
2020-05-18 14:21:16,"b""The future of New York City's iconic yellow cab is in peril as drivers sink deep into despair https://t.co/Z58sUMClZl""",b'Germain6',[],1741,0,0,117
2020-05-18 14:21:16,b'Coronavirus updates: Moderna says experimental vaccine is \xe2\x80\x98generally safe\xe2\x80\x99 - https://t.co/8TKqeu6UmU',b'1310kfkanews',[],1256,0,0,104
2020-05-18 14:21:16,"b'Ive long not had the ability to see and know whats right very wellWhats wrong, however, is a different matter.I will stay another 3 days here.  Its feasible.Where i actually live is full of wrongAnd i must be a tenant there NOW until atleast july 1...thanks to coronavirus'",b'Sunsetboy4ever1',[],28,0,0,272
2020-05-18 14:21:16,b'a bungled Coronavirus response at the highest level is morally and economically more damaging to our nation than some bungled burglary at a Washington hotel named Watergate. how will this country respond in upcoming months ... Impeach?',b'petabites',[],10261,0,0,235
2020-05-18 14:21:15,"b'@JuanMMoraY @EurowingsNews You have the option to rebook your flight free of charge up to 14 days before departure. You can find further information here: https://t.co/RGCZPDOUW8. Kind regards, Ivy'",b'eurowings',[],91032,0,0,197
2020-05-18 14:21:15,b'Pa. Supreme Court dismisses lawsuit to extend absentee ballot deadlines because of coronavirus https://t.co/cbQK4X5OBV via @phillyinquirer',b'michaeletoner',[],1395,0,0,138
2020-05-18 14:21:15,b'Latino essential workers bear brunt of coronavirus - Los Angeles Times https://t.co/T26gOYeD0F',b'ceartas',[],694,0,0,94
2020-05-18 14:21:15,b'The desire to lure Americans back into traveling by making them feel like they are safe cannot outweigh the need to actually keep this country safe.https://t.co/Sz5bQZi6Ej',b'RajaForCongress',[],2702,0,1,171
2020-05-18 14:21:15,b'How come I haven\xe2\x80\x99t seen any Christians claiming that coronavirus is punishment from God for electing a heathen like Trump?',b'SarkastikB',[],832,0,0,124
2020-05-18 14:21:15,"b'cn: coronavirus, COVID-19""we\'re all in this together"" is a nice thought but feels like it misses how (overwhelmingly white) lawmakers\' decisions impact some groups more severely than others. how their rush to reopen treats some communities as disposablehttps://t.co/9qFabbZE2I'",b'EpicGlitterYay',[],234,0,0,276
2020-05-18 14:21:14,b'Learning to love virtual conferences in the coronavirus era https://t.co/HPVv5bR9Mp #peri\xc3\xb3dicos #feedly',b'FoGraeff',"['peri√≥dicos', 'feedly']",70,0,0,104
2020-05-18 14:21:14,"b'Indiana Veteran, One of Only Three From His Company to Survive Pearl Harbor, Beats Coronavirus #SmartNews  https://t.co/5GcJ5n9hKV'",b'cingal50',['SmartNews'],13640,0,0,130
2020-05-18 14:21:14,b'Israeli Government Faces Daunting Task Coping With Coronavirus Economic Fallout  https://t.co/35hl1JgFM4',b'haaretzcom',[],383204,0,0,104
2020-05-18 14:21:13,b'It\xe2\x80\x99s ok to be frightened. And Irn Bru isn\xe2\x80\x99t a cure for coronavirus #MentalHealthAwarenessWeek https://t.co/BmcduR3edE',b'FOBRacing',['MentalHealthAwarenessWeek'],31071,0,0,121
2020-05-18 14:21:13,"b'""Hope, Fear and Grief: Wuhan After the Lockdown Ends"" by BY VIVIAN WANG via NYT New York Times https://t.co/JesTkSu2Ck'",b'RahulSKofficial',[],49,0,0,118
2020-05-18 14:21:13,"b'So, today Leftists are palpitating over the #ImmigrationBill, because apparently the #coronavirus crisis has made them believe only non-British people work in the NHS...Seems to be the gist anyway...Just another #LeftieMeltdown to ignore.'",b'BrexitBatman',"['ImmigrationBill', 'coronavirus', 'LeftieMeltdown']",2290,0,0,238
2020-05-18 14:21:13,b'How Many COVID-19 Deaths Are There? https://t.co/TBxODPO8Q5',b'STLsherpa',[],5412,0,0,59
2020-05-18 14:21:13,b'I cannot wait for the day they announce this whole coronavirus is gone and we can go back to normal',b'PrettyyCrissy',[],675,0,0,99
2020-05-18 14:21:13,b'Gavin Newsom Worried About\xc2\xa0\xe2\x80\x98Potential Third Waves\xe2\x80\x99\xc2\xa0of Coronavirus https://t.co/8acjTR6mxx via @BreitbartNews',b'USA4TRUMP',[],47039,0,0,114
2020-05-18 14:21:13,"b""The NHL is prepping for their return, take a look at how they're doing just that: https://t.co/cWC0GmtXql""",b'mazsmarketing',[],0,0,0,105
2020-05-18 14:21:12,"b'""Farm Workers Airlifted Into Germany Provide Solutions and Pose New Risks"" by BY MELISSA EDDY via NYT New York Times https://t.co/0FpMhu3Eri'",b'RahulSKofficial',[],49,0,0,140
2020-05-18 14:21:12,"b'The is Mental Health Awareness Week from 18-24 May. Employers can find some useful tips online here, as well as tips for home and remote working. #MentalHealthAwarenessWeek https://t.co/0J5TNMbatw https://t.co/RDXcCY1G90'",b'CCAGBusiness',['MentalHealthAwarenessWeek'],1239,0,0,220
2020-05-18 14:21:12,"b""The NHL is prepping for their return, take a look at how they're doing just that: https://t.co/9SBmAGdw6B""",b'jambos6',[],22,0,0,105
2020-05-18 14:21:12,"b""The NHL is prepping for their return, take a look at how they're doing just that: https://t.co/8JRsvQiKyp""",b'media_stealth',[],0,0,0,105
2020-05-18 14:21:12,"b""The NHL is prepping for their return, take a look at how they're doing just that: https://t.co/NkuhBLDdPX""",b'SmartHomeServi5',[],0,0,0,105
2020-05-18 14:21:12,"b'Families hit by lost income from the coronavirus outbreak are facing a double whammy after the government quietly axed universal free school meals for primary school infants, children\xe2\x80\x99s charities and trade unions have warned. https://t.co/MTC327TKaY'",b'AngryScotland',[],78031,0,0,251
2020-05-18 14:21:12,"b""The NHL is prepping for their return, take a look at how they're doing just that: https://t.co/liHjMvFIej""",b'RonaldGreen2',[],9,0,0,105
2020-05-18 14:21:12,"b""Coronavirus, 'Plandemic' and the seven traits of conspiratorial thinking https://t.co/EdMyCrbD4N via @ConversationUS""",b'DionneKoller',[],525,0,0,116
2020-05-18 14:21:11,"b""The NHL is prepping for their return, take a look at how they're doing just that: https://t.co/NOnZ7n6Yxu""",b'cynthia13688045',[],0,0,0,105
2020-05-18 14:21:11,b'India extends coronavirus lockdown by two weeks via @BBCNews https://t.co/eDXTYafSCP#India #Covid19 #coronavirus #virus #health #healthcare #medicine #science #research #workers #economy #politics #RegionalSecurity #WHO',b'ChuckDalldorf',"['India', 'Covid19', 'coronavirus', 'virus', 'health', 'healthcare', 'medicine', 'science', 'research', 'workers', 'economy', 'politics', 'RegionalSecurity', 'WHO']",4292,0,0,219
2020-05-18 14:21:11,b'@realDonaldTrump @washingtonpost Your fukn lies are epic dude. #TrumpIsANationalDisgrace https://t.co/OlfsXxU0EI',b'fuzzone99',['TrumpIsANationalDisgrace'],414,0,0,112
2020-05-18 14:21:11,"b""The NHL is prepping for their return, take a look at how they're doing just that: https://t.co/Vzt3ndyT6V""",b'Z1Complete',[],0,0,0,105
2020-05-18 14:21:11,"b'Powell last night on 60 minutes:""the country will get to \'an even better place\' than it was before the coronavirus hit, and that it \'won\'t take that long\'.""Oh... Ok then... \xf0\x9f\xa4\xa6\xe2\x80\x8d\xe2\x99\x82\xef\xb8\x8f https://t.co/H50k9HCVTc'",b'elementmacro',[],582,0,0,210
2020-05-18 14:21:11,"b""The NHL is prepping for their return, take a look at how they're doing just that: https://t.co/mLRGJ4VT5Y""",b'elite_satellite',[],0,0,0,105
2020-05-18 14:21:11,"b""beyond the fact that your own risks *are not limited to you* given asymptomatic transmission, every youngish person claiming that They're Probably Fine, Actually makes me want to tear my damn hair out https://t.co/WzfN48e2Nq; https://t.co/pbQJqkCOY6; https://t.co/ARn8xKbatB https://t.co/J9Or923hjV""",b'LAM_Barrett',[],7502,0,0,298
2020-05-18 14:21:11,"b""The NHL is prepping for their return, take a look at how they're doing just that: https://t.co/p5OjE59PRd""",b'GeneralCommuni2',[],0,0,0,105
2020-05-18 14:21:10,"b""The NHL is prepping for their return, take a look at how they're doing just that: https://t.co/eXlZDw9uTT""",b'aLinks_us',[],0,0,0,105
2020-05-18 14:21:10,"b""The NHL is prepping for their return, take a look at how they're doing just that: https://t.co/GSnZcybxrz""",b'CrumptonTV',[],31,0,0,105
2020-05-18 14:21:10,b'@realDonaldTrump Tweeting pictures of boats that you already tweeted does not stop Americans from dying from the coronavirus. #AlertTheDaycareStaff #DementedDonnie',b'sjvandus',"['AlertTheDaycareStaff', 'DementedDonnie']",120,0,0,163
2020-05-18 14:21:10,"b'Biotech eyes COVID-19 treatment trial combining experimental coronavirus drugs leronlimab,\xc2\xa0remdesivir https://t.co/HOjW0JxDQR'",b'voiceofthehwy',[],377,0,0,126
2020-05-18 14:21:10,"b""The NHL is prepping for their return, take a look at how they're doing just that: https://t.co/tZdTAp2XC1""",b'VortexDigitalI1',[],0,0,0,105
2020-05-18 14:21:10,"b""China will make its coronavirus vaccine a global public good once one is available, President Xi Jinping tells the WHO's governing body https://t.co/GnbrpppBAH via @bpolitics""",b'armydreamrs',[],1071,0,0,174
2020-05-18 14:21:10,"b""The NHL is prepping for their return, take a look at how they're doing just that: https://t.co/SMxl4hg7Hs""",b'worldconnectllc',[],0,0,0,105
2020-05-18 14:21:09,"b""The NHL is prepping for their return, take a look at how they're doing just that: https://t.co/6HP8A5xoFH""",b'ServiceDealz',[],294,0,0,105
2020-05-18 14:21:09,"b""The NHL is prepping for their return, take a look at how they're doing just that: https://t.co/iPivWFZX2v""",b'PlatComCo',[],6,0,0,105
2020-05-18 14:21:09,"b""The NHL is prepping for their return, take a look at how they're doing just that: https://t.co/NwoMUObTzH""",b'satstoremn',[],2,0,0,105
2020-05-18 14:21:09,"b""The NHL is prepping for their return, take a look at how they're doing just that: https://t.co/G3pwRtEZDA""",b'rg_corp',[],1,0,0,105
2020-05-18 14:21:09,b'Blame governors for the coronavirus deaths in nursing homes: Goodwin https://t.co/iNlsTXUWX2 via @nypost',b'therealdougl303',[],53,0,0,104
2020-05-18 14:21:09,"b""The NHL is prepping for their return, take a look at how they're doing just that: https://t.co/75yiusg5hb""",b'MagnoliaHearth',[],1,0,0,105
2020-05-18 14:21:09,b'The fraudsters took advantage of states that were already struggling to process a flood of jobless claims amid the COVID-19 pandemic. https://t.co/yMaceuTMsb',b'businessinsider',[],2960657,2,2,157
2020-05-18 14:21:08,"b""The NHL is prepping for their return, take a look at how they're doing just that: https://t.co/sLoDe6IbLC""",b'ASIANNETWORK2',[],3,0,0,105
2020-05-18 14:21:08,b'@realDonaldTrump @washingtonpost The U.S. has 4% of the world\xe2\x80\x99s population but 30% of the deaths from the coronavirus. You really did turn us into a sh*thole country. #VoteBlue @JoeBiden @GOP @LindseyGrahamSC',b'Dist_5',['VoteBlue'],797,0,0,210
2020-05-18 14:21:08,"b""The NHL is prepping for their return, take a look at how they're doing just that: https://t.co/N5kSeWxJ3S""",b'SatelliteEra',[],0,0,0,105
2020-05-18 14:21:08,"b""@benfergusonshow Great News! So far no spike in coronavirus in places reopening US health secretary says. 45Million American families are now suffering financially creating huge issues. Healthy people shouldn't be locked down ruining Americans ability to support families! https://t.co/yuLiLawrls""",b'wdunlap',[],221123,0,0,296
2020-05-18 14:21:08,"b""The NHL is prepping for their return, take a look at how they're doing just that: https://t.co/bQZRWQRH4a""",b'DIRECTDEALS7',[],0,0,0,105
2020-05-18 14:21:08,"b""The NHL is prepping for their return, take a look at how they're doing just that: https://t.co/204GIdHeOW""",b'AsterNyCorp',[],0,0,0,105
2020-05-18 14:21:07,"b""The NHL is prepping for their return, take a look at how they're doing just that: https://t.co/hX4uWu1cWB""",b'estech_us',[],0,0,0,105
2020-05-18 14:21:07,"b""Text messages to Chicago's domestic violence hotline have skyrocketed, suggesting that victims have little physical distance from their abusers and find texting is safer than calling https://t.co/7lQwJSHF4w""",b'NYTNational',[],83237,0,1,206
2020-05-18 14:21:07,"b""The NHL is prepping for their return, take a look at how they're doing just that: https://t.co/2B5SCbYiQ1""",b'DirectSatellit4',[],0,0,0,105
2020-05-18 14:21:07,b'Why Is Rolls-Royce Making Honey And Lexus Origami In Coronavirus Lockdown? via @forbes https://t.co/ray51MxTxc',b'Jude_Mugabi',[],41426,0,0,110
2020-05-18 14:21:07,b'@MmahiRaheela @CarolALaMont1 @yellowdogfwd @RealJamesWoods tell it to the coronavirus dummy',b'RandyStormEBB',[],1047,0,0,91
2020-05-18 14:21:07,"b""The NHL is prepping for their return, take a look at how they're doing just that: https://t.co/SGCN3B5mzE""",b'TelexpressC',[],2,0,0,105
2020-05-18 14:21:07,b'#PremierLeague restart boost as clubs vote to resume training amid #coronavirushttps://t.co/CGnDCYwuJV#footballisback #sport https://t.co/iSwjMXDvLH',b'alghadeertv_eng',"['PremierLeague', 'coronavirus', 'footballisback', 'sport']",3396,0,0,148
2020-05-18 14:21:07,"b""The NHL is prepping for their return, take a look at how they're doing just that: https://t.co/zhPwCE0kgD""",b'ISmartCommunic2',[],3,0,0,105
2020-05-18 14:21:07,"b""The NHL is prepping for their return, take a look at how they're doing just that: https://t.co/hwKViepH2z""",b'DRSATELLITE1',[],0,0,0,105
2020-05-18 14:21:06,"b""The NHL is prepping for their return, take a look at how they're doing just that: https://t.co/L57yABWVyr""",b'MyGoProTech',[],0,0,0,105
2020-05-18 14:21:06,b'TYRANNY: Boston Mayor won\xe2\x80\x99t reopen after coronavirus antibody study https://t.co/R9fg4e15Sx via @pamelageller',b'FirebaughNorman',[],11971,0,0,111
2020-05-18 14:21:06,"b""The NHL is prepping for their return, take a look at how they're doing just that: https://t.co/Dn7Zvy4XXH""",b'ABCDemo_',[],13,0,0,105
2020-05-18 14:21:06,b'All Goodwill locations in Northeast Wisconsin will be reopening after Memorial Day. https://t.co/KNioeAij80',b'WFRVLocal5',[],19007,0,0,107
2020-05-18 14:21:06,"b""The NHL is prepping for their return, take a look at how they're doing just that: https://t.co/3AbAV5wDw5""",b'commtechsatllc',[],129,0,0,105
2020-05-18 14:21:06,b'$UPS UPS Delivers 5 Millionth Meal to Rural Students and their Families Impacted by Novel Coronavirus Crisis https://t.co/oez3CEL6Zr',b'otcdynamics',[],3732,1,1,132
2020-05-18 14:21:06,"b'\xf0\x9f\x8e\x93 @iflyCHS celebrating 2020 graduates with photos around terminals\xf0\x9f\x87\xba\xf0\x9f\x87\xb8 @Boeing + @ChasRiverDogs launch Military Hall of Honor for Lowcountry veterans\xf0\x9f\xa6\x89 @SCaquarium bringing owls, snakes, alligators + more to your Zoom meetingshttps://t.co/8PR8mKRrHM'",b'thechstoday',[],2352,0,0,258
2020-05-18 14:21:06,b'A very good bargain compared to the 450 million taels of silver 120 years ago. https://t.co/eYASAXNmBE',b'henrysgao',[],1079,0,0,102
2020-05-18 14:21:06,"b""The NHL is prepping for their return, take a look at how they're doing just that: https://t.co/i7EGxHJKLM""",b'Kelstarco',[],2,0,0,105
2020-05-18 14:21:06,"b'@dbongino #TrumpLegacy #CoronavirusUSA1,529,291 confirmed cases91,005 deaths (6.0%)147,040 deaths estimated by August https://t.co/yjBCW39Mb4@realDonaldTrump @Mike_Pence'",b'GaryPriestley11',"['TrumpLegacy', 'CoronavirusUSA']",159,0,0,169
2020-05-18 14:21:05,"b""The NHL is prepping for their return, take a look at how they're doing just that: https://t.co/VWhI74DZZZ""",b'imsureguy1',[],10,0,0,105
2020-05-18 14:21:05,b'@MelissaBeen4 @Cernovich @kaitlancollins @CNN Ask yourself why the CDC would stop reporting on flu deaths in April?  Doesn\xe2\x80\x99t that raise some suspicions in your investigative mind?  How many listed as Coronavirus deaths are actually flu deaths? https://t.co/2e3teeTigC',b'rn_gal',[],25768,0,0,269
2020-05-18 14:21:05,b'Coronavirus Vaccine Trial by Moderna Shows Promising Early Results https://t.co/RBRUPf0aGz',b'RafRatinam',[],30605,0,0,90
2020-05-18 14:21:05,b'The president\xe2\x80\x99s job is to manage risk. But Fat Orange Pig @realDonaldTrump is the risk. https://t.co/CEm8dmRuru #news #feedly #trump #trumpvirus',b'FatPuppyProduc1',"['news', 'feedly', 'trump', 'trumpvirus']",365,0,0,146
2020-05-18 14:21:05,"b""The NHL is prepping for their return, take a look at how they're doing just that: https://t.co/zmHt3s4hdt""",b'Satellitecm',[],8,0,0,105
2020-05-18 14:21:05,"b""The NHL is prepping for their return, take a look at how they're doing just that: https://t.co/uqSXztW2Bh""",b'irg_digital',[],611,0,0,105
2020-05-18 14:21:05,"b""The NHL is prepping for their return, take a look at how they're doing just that: https://t.co/Pnu7CNyWEy""",b'S_TVandSound',[],14,0,0,105
2020-05-18 14:21:05,b'Ryanair chief Michael O\xe2\x80\x99Leary described the UK\xe2\x80\x99s planned introduction of a 14-day quarantine period for travellers arriving from abroad as \xe2\x80\x9cidiotic and unimplementable\xe2\x80\x9d.https://t.co/rUpgo7CRCa',b'Bruno_J_Navarro',[],6015,0,0,200
2020-05-18 14:21:05,"b""The NHL is prepping for their return, take a look at how they're doing just that: https://t.co/jOIWRdSS7h""",b'SiSatellite',[],8,0,0,105
2020-05-18 14:21:04,"b'I just added \xe2\x80\x9cCourtney Felzke, Caregiving\xe2\x80\x9d to Coronavirus Pandemic Care Resources 2020 - Pastor Anne Williams o\xe2\x80\xa6 https://t.co/fcWtNEulAL'",b'crbien',[],68,0,0,142
2020-05-18 14:21:04,"b""The NHL is prepping for their return, take a look at how they're doing just that: https://t.co/XOzceiNVCW""",b'rokstarchris',[],547,0,0,105
2020-05-18 14:21:04,"b'""So You Want to Be a Contact Tracer?"" via NYT https://t.co/W8aGddWqrl https://t.co/J9Dizw8LjY'",b'PELCltd',[],42,0,0,93
2020-05-18 14:21:04,"b""US Pharmaceutical Company #Moderna 's #CoronaVaccine is working in a small sample of people - 8..It is fending off the #coronavirusStocks of #Moderna has gone up by 26% in NYSE..A larger human trail is the next step.. US Govt is also working on this..""",b'openmic_Tamil',"['Moderna', 'CoronaVaccine', 'coronavirus', 'Moderna']",39,0,0,251
2020-05-18 14:21:04,"b'#Dharavi reported a spike of 85 cases on Monday, breaching the 1300-mark. Total cases now 1327 #Mumbai #coronavirus @THMumbai'",b'worthwords01',"['Dharavi', 'Mumbai', 'coronavirus']",2045,0,0,125
2020-05-18 14:21:04,"b'New post: ""Coronavirus: No deaths in Dorset Hospitals"" https://t.co/7H6cHJrGze'",b'DTSFA',[],76,0,0,78
2020-05-18 14:21:04,b'The trend to flee dense urban environments amid epidemics is nothing new. History has shown those with the means to leave do. https://t.co/OP4IXU0sCC',b'dailyrecord',[],22802,0,0,149
2020-05-18 14:21:03,b'A STUDY FINDS reports: Three In Four Americans Agree Universal Healthcare Is Needed During Coronavirus Pandemic - Study   https://t.co/RAJ4kLRl3z',b'ZENINEWS',[],106679,0,0,145
2020-05-18 14:21:03,"b'@SenSanders Before China infected the world \xf0\x9f\x8c\x8e with coronavirus \xf0\x9f\xa6\xa0 Under the management of @POTUS America was enjoying unprecedented all around success!You, @JoeBiden &amp; @TheDemocrats are lying 2your constituents because you can\xe2\x80\x99t admit this incredible feat by @realDonaldTrump!'",b'loladeantonia26',[],3690,0,0,287
2020-05-18 14:21:03,b'#panvel #kharghar #kamothe #kalamboli #talojaPanvel Coronavirus Update as on 18th May 2020Cases upto 17th May - 259Cases on 18th May - 12Total Cases upto 18th May- 271Deaths - 10Recovered - 125ACTIVE CASES - 136#CoronaVirusUpdate #panvel #kharghar https://t.co/K6LtXXAai3',b'FLIPSOP_On',"['panvel', 'kharghar', 'kamothe', 'kalamboli', 'taloja', 'CoronaVirusUpdate', 'panvel', 'kharghar']",99,0,1,271
2020-05-18 14:21:03,b'EPA Settlements Are Supposed to Hold Polluters Accountable. Will Coronavirus Get Them off the Hook? https://t.co/zFLsjMk3kz https://t.co/qDj7teEVa6',b'FilAm_me',[],546,0,0,147
2020-05-18 14:21:03,b'The #COVID19 crisis has exposed the dangers of our highly concentrated food system. Congress can do something about it by creating policy to support independent family farms &amp; move away from factory farming\xe2\x80\x94that\xe2\x80\x99s what my Farm System Reform Act aims to do. https://t.co/BKKou6PdQ8',b'SenBooker',['COVID19'],149224,5,1,288
2020-05-18 14:21:02,"b'As it Reopens, #China Has a Chance to Become a Top Superpower - @TIME https://t.co/G3PXCDopnN #coronavirus https://t.co/YpcHQmGTSb'",b'octavianasr',"['China', 'coronavirus']",1689002,1,0,130
2020-05-18 14:21:02,b'Northern Ireland Coronavirus Infection Trend. More info @ https://t.co/pzv4ILDKWG #coronavirus #NorthernIreland https://t.co/hiPXYWl20b',b'UKCovid19Stats',"['coronavirus', 'NorthernIreland']",1846,1,0,135
2020-05-18 14:21:02,"b'Oyo Govt confirms 11 new cases of coronavirus, discharges 18 patients https://t.co/8w7PCew4Qb #News'",b'sagagistng',['News'],420,0,0,99
2020-05-18 14:21:02,b'China Eases Resistance As Calls Mount For Global Probe Into #covid19 Origin more at https://t.co/qXns56h1oF https://t.co/1n8ZeXb9Ou',b'worldnwsdotcom',['covid19'],31,0,0,131
2020-05-18 14:21:02,b'Just say no to coronavirus',b'beefcakeurinals',[],4,0,0,26
2020-05-18 14:21:02,b'coronavirus this coronavirus that I just want to grill',b'l_pelch',[],151,0,0,54
2020-05-18 14:21:01,"b'Join us tomorrow at 1 p.m. for our next Power Hour Series: Biology of Coronavirus and the Immune System. Christopher Bazinet,  Ph.D. will be giving a presentation on the basics of virology and immunology in the context of COVID-19.Register here: https://t.co/nSidgjw8mp https://t.co/jcwBBElDPy'",b'stjohnsalumni',[],4952,0,0,293
2020-05-18 14:21:01,"b'India support to Australian and EU motion for an independent enquiry into the coronavirus outbreak, ahead of a #WHAAppreciable Decision taken by our govt.https://t.co/qK6uI1y5di'",b'sumitpande56',['WHA'],57,0,0,177
2020-05-18 14:21:01,"b""I love the way that pretty much every symptom that's ever been experienced for every illness ever seen is also possible coronavirus.""",b'georgercheetham',[],836,0,0,132
2020-05-18 14:21:01,b'Volga-Dnepr transports 48 street sterilisation vehicles from China to the UAEhttps://t.co/wn5DdaDtkS@volgadneprgroup #charter #aircargo #airfreight #logistics #supplychains #coronavirus',b'Air_Cargo_News',"['charter', 'aircargo', 'airfreight', 'logistics', 'supplychains', 'coronavirus']",13097,0,0,185
2020-05-18 14:21:01,b'#CocktailCrisis We think this is the most accurate cocktail ever! ....#smokyquartzdistillery #handsanitizer #alcohol #cocktails #crisis #covid19 #coronavirus #stayathome #workfromhome #washyourhands #sdq #takeout #weekend #food #curbside https://t.co/sKOoXCBzYA',b'Smoky_Quartz_D',"['CocktailCrisis', 'smokyquartzdistillery', 'handsanitizer', 'alcohol', 'cocktails', 'crisis', 'covid19', 'coronavirus', 'stayathome', 'workfromhome', 'washyourhands', 'sdq', 'takeout', 'weekend', 'food', 'curbside']",497,0,0,261
2020-05-18 14:21:01,b'Conservative and Reform Judaism \xe2\x80\x94 the United States\xe2\x80\x99 two biggest egalitarian denominations \xe2\x80\x94 have been converging for decades. Now coronavirus has wiped out yet another difference between them. https://t.co/ePbZExZ3Xh',b'jdforward',[],63965,0,0,223
2020-05-18 14:21:01,b'Softball news-Ohio came up with safety guidelines to allow softball/baseball. Maybe PA will follow in their footsteps. \xf0\x9f\xa4\xb7\xe2\x80\x8d\xe2\x99\x80\xef\xb8\x8f\xf0\x9f\xa5\x8ehttps://t.co/joLLn65mSr',b'nwexplosion12',[],134,0,0,159
2020-05-18 14:21:01,"b'Everything you need to know for Monday and the week ahead about higher ed and the coronavirus. Plus, a special Q&amp;A with a university psychologist. https://t.co/BNSZYKA6Cj'",b'insidehighered',[],243068,0,0,174
2020-05-18 14:21:00,"b'Vicks VapoRub Ointment, 6 Ouncehttps://t.co/lppUm41H1h#CoronaVirus #Supplies #Restock #BwcDeals https://t.co/ul0uiUDx8B'",b'BwcDeals',"['CoronaVirus', 'Supplies', 'Restock', 'BwcDeals']",17066,2,0,119
2020-05-18 14:21:00,b'Novel Coronavirus: Find a Test Site Near You https://t.co/TqUFZEk1d8',b'my511NY',[],2100,0,0,68
2020-05-18 14:21:00,b'\xe2\x80\x9cHow can we protect our people in the long term? We cannot see any kind of option.\xe2\x80\x9d @RoKhinMaung4 on what Rohingya refugees are facing as COVID-19 emerges: https://t.co/iGpBlZDcjK',b'newhumanitarian',[],96150,0,0,183
2020-05-18 14:21:00,b'President Donald Trump went after former President Barack Obama after he slyly criticized the current administration\xe2\x80\x99s poor response to the coronavirus pandemic. https://t.co/16T1P7J4bI',b'HuffPost',[],11494680,3,3,187
2020-05-18 14:21:00,b'President Donald Trump went after former President Barack Obama after he slyly criticized the current administration\xe2\x80\x99s poor response to the coronavirus pandemic. https://t.co/ZMdDy60bY0',b'HuffPostPol',[],1431544,0,0,187
2020-05-18 14:20:59,b'@Liberalkimmyboy What does painting have to do with coronavirus?',b'cncncnc39007589',[],0,0,0,64
2020-05-18 14:20:59,b'Is the Federal Reserve thinking about holding America hostage over a coronavirus vaccine? #StopTechnocracy https://t.co/W08840tO4E https://t.co/Zirf8sDyd6',b'StopTechnocracy',['StopTechnocracy'],10581,1,1,154
2020-05-18 14:20:58,"b'@RealJamesWoods A ""new"" normal.  Like in ""novel?""  Like in novel coronavirus?#SayNoToNewNormal'",b'misstozak',['SayNoToNewNormal'],17721,0,0,94
2020-05-18 14:20:58,"b""China's Xi pledges $2B to global coronavirus fight #TeamWorldSupporter https://t.co/MKEjO9qwW5""",b'WorldSupporter',['TeamWorldSupporter'],619,0,0,94
2020-05-18 14:20:58,"b'Actor Sean Penn, Mayor Lori Lightfoot to tour Chicago coronavirus testing facility https://t.co/7ucAo0i8sd'",b'tkarow',[],1515,0,0,106
2020-05-18 14:20:58,b'@Stop_Trump20 Coronavirus in its human form.',b'shannonsnow34',[],603,1,0,44
2020-05-18 14:20:57,"b'@Katelyn88393586 @rose_bridget George Soros owns Virus Lab in Wuhan, Soros gave $35 Mil to Hillary in 2015/16 Soros BBF w Bill Gates Indictments were coming down the pike for Hillary. Surprise the Coronavirus hit the world at that time. WOW! Oops Epstein is dead..'",b'LadyJadeDawn',[],1409,0,0,264
2020-05-18 14:20:57,"b'Among many #LastDance takeaways was the respect NBA players showed for each other, even after tough games. And I wondered if @MLB Players, once the Coronavirus is over, could shake hands after a series? #BestDocumentaryEver https://t.co/vMmq9cKUSY'",b'PaulByrd36',"['LastDance', 'BestDocumentaryEver']",36277,1,0,247
2020-05-18 14:20:57,b'How long will it take for #NewYork #NewJersey #California and other blue states to #WakeUp and get rid of their destructive #Democrap leadership #Cuomo #Newsom #Pelosi #Schiff #DeBlasio #Garcetti #Murphy #coronavirus #PowerHungry nazis',b'asawvel',"['NewYork', 'NewJersey', 'California', 'WakeUp', 'Democrap', 'Cuomo', 'Newsom', 'Pelosi', 'Schiff', 'DeBlasio', 'Garcetti', 'Murphy', 'coronavirus', 'PowerHungry']",26,0,0,235
2020-05-18 14:20:57,"b'NEW NUMBERS: Hospitalization numbers continue to slightly drop as the number of total cases in Maryland nears 40,000. https://t.co/kTCVUfglZ5'",b'wjz',[],254138,0,0,141
2020-05-18 14:20:57,b'I\xe2\x80\x99m in. Take my money. #COVID19 detection. https://t.co/PEgLBDBfzw',b'dizzytaylor',['COVID19'],733,0,0,68
2020-05-18 14:20:57,b'More European flights to resume in July but demand seen low. https://t.co/VWh5G8wsVx',b'fox28columbus',[],51426,0,0,84
2020-05-18 14:20:56,b'What Do Countries With The Best Coronavirus Responses Have In Common? Women Leaders https://t.co/UidgSkhG7Y',b'Gabriel_Montoya',[],13824,0,0,107
2020-05-18 14:20:56,b'Daily updates on coronavirus (COVID-19) advice and support for businesses in Scotland - 18 May 2020 #covid19 # #employers https://t.co/g9Y8ksFfV9',b'LynneEEA',"['covid19', 'employers']",269,0,0,145
2020-05-18 14:20:56,b'Cash-strapped India\xe2\x80\x99s economic plan unlikely to soften coronavirus\xc2\xa0blow https://t.co/swizTOgLgF',b'OpenviewOpen',[],51,0,0,98
2020-05-18 14:20:56,"b""Stanford University doctor: 'You are mistaken' if you think coronavirus lockdowns provide safety \xe2\x80\x93 True Pundit - https://t.co/zge0qlXLJ9 via @shareaholic""",b'AU_bebe',[],7624,0,0,155
2020-05-18 14:20:56,"b'Britain backs investigation into origins of coronavirus, amid hopes China will accept independent review https://t.co/mR0jp5HBUl'",b'ramsey_tea11',[],6,0,0,128
2020-05-18 14:20:55,b'Hundreds of Mass. workers say companies failed to protect them from COVID-19 https://t.co/tg1hzZDyYJ via @BostonGlobe',b'BonhoefferLives',[],6795,0,1,117
2020-05-18 14:20:55,b'@ComicOzzie58 @Deplorable1520 Psychological projection from a useful idiot...https://t.co/LKPBIYXz5nhttps://t.co/IXLkD3DWJ1',b'DangerousAbout',[],1204,0,0,123
2020-05-18 14:20:55,"b'@PennyPhotos1 @AllHatNoCattle3 @dondona87804441 @the_resistor @realDonaldTrump Sure stay at home. You just mught be at more risk. Ask, Cuomo.https://t.co/ekJIKNnLjh'",b'knox8ball',[],29,0,0,164
2020-05-18 14:20:54,b'We\xe2\x80\x99re running out of time to flatten the curve \xe2\x80\x94 for climate change https://t.co/U30KvCRfvM via @grist',b'torystephens',[],1810,0,0,106
2020-05-18 14:20:54,b'These governors get failing grades for coronavirus economic response: Stephen Moorehttps://t.co/I1Cgwg11NW',b'sailorJack2019',[],3045,0,0,106
2020-05-18 14:20:54,b'Yeet. https://t.co/mgCE0Axch6',b'RCProudie',[],2258,2,0,29
2020-05-18 14:20:54,"b'$MRNA Announces Positive Interim Phase 1 Data for its mRNA Vaccine (mRNA-1273) Against Novel Coronavirus, stock shoots +18.04% https://t.co/7tzh8uddFy'",b'NewsQuantified',[],1882,0,0,150
2020-05-18 14:20:54,"b'Not the Onion! :-)(   Eric Trump claims coronavirus is Democratic hoax, will \xe2\x80\x98magically\xe2\x80\x99 vanish after 2020 election https://t.co/36NODrSXDg'",b'vardi',[],7197,0,0,143
2020-05-18 14:20:54,"b'Labour MP @NavPMishra asks how councils will continue to pay care staff when the #coronavirus lockdown is over.He says his council in Stockport faces a ""staggering shortfall"" of \xc2\xa325m, with \xc2\xa341m already paid to tackle pandemic.#COVID19: https://t.co/HkFEORsAsh https://t.co/nlyhEV3sZ3'",b'SkyNews',"['coronavirus', 'COVID19']",6097637,0,2,285
2020-05-18 14:20:53,b'180 churchgoers possibly exposed to COVID-19 https://t.co/LHnBvuPhEd via @YahooNews',b'HillaryEtidian2',[],274,0,0,83
2020-05-18 14:20:52,"b'This is not true.So far, no spike in coronavirus in places reopening: U.S. Health Secretary Azar.https://t.co/IV85enH4jD'",b'freyja4good',[],812,0,0,120
2020-05-18 14:20:52,b'Biotechnology company Moderna said its experimental vaccine for COVID-19 showed promise in early trials and it looks to advance the vaccine into late-stage trials in July https://t.co/1DAxECnCxT https://t.co/CmV4I7wgjH',b'Reuters',[],21941149,17,10,218
2020-05-18 14:20:52,"b'I have questions.  Why is @jon_wertheim (primarily a sports journalist/writer)  interviewing Arundhati Roy (Indian author) about, of all things, Coronavirus?  Anyone? Anyone? https://t.co/l36dET9exW'",b'Nina201710',[],501,1,0,198
2020-05-18 14:20:52,"b""High Inpact Flix &amp; Red Ice TV: Coronavirus: They've Got You on LOCKDOWN for THIS?! https://t.co/Q6Rse2QO8M""",b'flude_tom',[],308,0,0,110
2020-05-18 14:20:50,"b""The coronavirus pandemic is nature's wake-up call to humans who have lost their Way https://t.co/UCU8tXAJtG #LINETODAY""",b'LilDivaz1',['LINETODAY'],1325,0,0,118
2020-05-18 14:20:50,"b'Los Angeles to shut off water, power of nonessential businesses that refuse to close amid coronavirus https://t.co/QxAXULxv19 #FoxNews'",b'SammyGe59280744',['FoxNews'],13,0,0,134
2020-05-18 14:20:49,b'\xe2\x80\x9cWhen you start seeing where the cases are coming from and the demographics \xe2\x80\x94 I\xe2\x80\x99m not worried.\xe2\x80\x9dhttps://t.co/WSVTkoeNLq',b'scobro54',[],17,0,0,126
2020-05-18 14:20:49,"b'I\xe2\x80\x99m Sick of Asking Children to Be Resilient: ""Surviving life\xe2\x80\x99s hardest blows should not be celebrated \xe2\x80\x94or expected.... To expect resilience without justice is simply to indifferently accept the status quo."" https://t.co/7dC9aEBYaW'",b'clclyne',[],4373,0,0,236
2020-05-18 14:20:49,"b'Colorado man died of #alcohol poisoning, but death was later #blamed on coronavirus: report https://t.co/sRmT15U7dQ'",b'JacksonJennings',"['alcohol', 'blamed']",1464,0,0,115
2020-05-18 14:20:48,"b""Bank Allows Her To Skip Mortgage, But She's 'Terrified' About A Balloon Payment https://t.co/vFmxd0Q93d https://t.co/QMvUc4gpdz""",b'whatsnews123',[],1863,0,0,127
2020-05-18 14:20:48,b'Should insurance companies pay for coronavirus shutdown losses? Philly businesses are taking them to court. https://t.co/nro8BLLdxo via @phillyinquirerA reminder @senatorhughes is proposing a bill to temporarily change business interruption insurance and help PA businesses.',b'SenHughesOffice',[],4263,0,0,274
2020-05-18 14:20:48,b'Labour to plan green economic rescue from coronavirus crisis | Green economy | The Guardian https://t.co/51qgVYSvWr',b'ezziewilf',[],3235,0,0,115
2020-05-18 14:20:47,"b'Obama, Malala, Jonas Brothers Send Off Class Of 2020 In Virtual Graduation https://t.co/2DnNf2IXtY'",b'pahlrs',[],1958,0,0,98
2020-05-18 14:20:47,b'Are you looking for #COVID19 resources to support your work? Then look no further. We\xe2\x80\x99ve compiled a list of useful resources for people working in the #HIV response across the globe \xe2\xac\x87\xef\xb8\x8f https://t.co/ljcD85AB8H',b'Avert_org',"['COVID19', 'HIV']",4666,0,0,214
2020-05-18 14:20:46,b'Pompeo backs away from theory he and Trump were pushing that coronavirus originated in Wuhan lab #SmartNews  https://t.co/s62eYFAVWp',b'cingal50',['SmartNews'],13640,0,0,132
2020-05-18 14:20:46,"b'Sharma: \'UK will be first to get access\' to vaccines.""The UK will be the first to get access"" to a vaccine being developed by Oxford University, in partnership with the pharma company AstraZeneca, Alok Sharma announced on Sunday.#coronavirus disease 2019 (COVID-19) #COVID19 https://t.co/wO18xQwWBc'",b'WorldCOVID19',"['coronavirus', 'COVID19']",103,0,1,298
2020-05-18 14:20:45,b'Under the direction of governor DeSantis the state of Florida is hiding info about Covid deaths from citizens.This is DeSantis\xe2\x80\x99 dark pattern; citizens facing health crisis and the governor tries and prevents them from seeing the truth.#wtpFL2020https://t.co/jxigHIXJig',b'eileenvan55',['wtpFL2020'],4526,0,1,270
2020-05-18 14:20:45,b'@patsutherlandja @kaminajsmith Yesterday. No negotiations. No talks.  https://t.co/dL5THA5XWM',b'TheTerribleTout',[],2957,0,0,93
2020-05-18 14:20:45,"b'Amazon, UCSF Partner for COVID-19 Genome Sequencing Projects &amp; More #Coronavirus Updates | Newsletter is out now. https://t.co/PADvLkkp4U #Amazon #CloudComputing'",b'HITAnalytics',"['Coronavirus', 'Amazon', 'CloudComputing']",4311,0,0,165
2020-05-18 14:20:45,"b""It's hard to flee from your abuser during a coronavirus lockdown https://t.co/AiOFzBwxbR via @nbcnews""",b'danwibg',[],3413,1,0,101
2020-05-18 14:20:45,b'An experimental vaccine from Moderna shows promising early signs that it can create an immune-system response in the body that could help fend off the new coronavirus https://t.co/uNZYzmyaeP via @business',b'luzi_ann',[],757,0,2,204
2020-05-18 14:20:44,"b'@JDShuttlesworth Right-wing pastor Jonathan Shuttlesworth said \xe2\x80\x9cAmerica will be minimally affected\xe2\x80\x9d by the coronavirus due to President Trump\xe2\x80\x99s support for Israel\xe2\x80\x9d. Please, for the love of God, don\xe2\x80\x99 t follow this LIAR'",b'LorenzoDonoghue',[],39,0,0,227
2020-05-18 14:20:44,"b'coronavirus The Almighty, who sent the ""Chosen One,"" knows demonic #Trump is  lying, deceiving &amp; CAUSING for fun. And the Almighty ""may"" also know that those who willingly help Trump get away with it are .. guilty too. #Trump can fool the cult but he can\'t fool his maker https://t.co/erLX5aHmdf'",b'911covfefe',"['Trump', 'Trump']",19,0,0,299
2020-05-18 14:20:44,"b'US lockdown protests may have spread virus widely, cellphone data suggests https://t.co/K8ToZuVfjZ'",b'azcourier',[],912,0,0,98
2020-05-18 14:20:44,b'Moderna\xe2\x80\x99s coronavirus vaccine shows encouraging early results in human safety trial https://t.co/50SaFgPMXT',b'iAmMissMichelle',[],7443,0,0,109
2020-05-18 14:20:44,"b'@JKprivateArmy @JK_Glitters Yes, I attach this news in the last thread of my tweet. Jz hoping that people will be clear abt the timeline, don\xe2\x80\x99t distort the fact &amp; don\xe2\x80\x99t create new rumors. Don\xe2\x80\x99t anyhow attack or badmouth before knowing the situation in SK during that time https://t.co/gUw9tGqZoz'",b'pure_kiluvjk',[],403,0,0,305
2020-05-18 14:20:43,b'School students are facing a bleak future as a result of this crisis. The switch to online learning has already exposed the lie that we are all in this together. Those from rich families can access the best tutors and resources online. https://t.co/FxUuO8M5oC',b'MarxistStudent',[],3326,0,0,259
2020-05-18 14:20:43,b'Thai traffic back to gridlock as coronavirus measures\xc2\xa0ease https://t.co/r6cOfk2q3m',b'zlabiz',[],48,0,0,83
2020-05-18 14:20:43,b'Missouri GOP pushes bill that would force some to risk their health to vote https://t.co/lutuFZgDTo',b'JoeKing3333',[],16113,0,0,99
2020-05-18 14:20:43,"b'NYC Mayor de Blasio says antibody testing began today for 140,000 first responders\xc2\xa0and healthcare workers https://t.co/zAolMlr0CV https://t.co/0Pqyg9ao64'",b'CBSNews',[],7573606,15,6,154
2020-05-18 14:20:43,b'#Netherlands #belastingdienst announce sales of protective face masks to be #VAT zero-rated from 25 May to 1 Sep 2020 #coronavirus  https://t.co/A5fCEafb8X',b'JeffAtSovos',"['Netherlands', 'belastingdienst', 'VAT', 'coronavirus']",26,0,0,155
2020-05-18 14:20:42,"b'Reopen crowd and white voters in general believe blacks are to blame for being affected more disproportionately (""personal responsibility\xe2\x80\x9d) ... while not believing the same thing for other groupshttps://t.co/s28B91PwGu https://t.co/qEEABSEeCs'",b'realworldrj',[],2375,0,0,244
2020-05-18 14:20:42,b'I think the over 70\xe2\x80\x99s need a reminder that they should still be protecting themselves. I\xe2\x80\x99ve been to the garden centre and around a third of people there were elderly #coronavirus #COVID19',b'BetterResearch',"['coronavirus', 'COVID19']",6594,0,0,191
2020-05-18 14:20:42,b'Moderna shares surge following positive data on coronavirus vaccine trial - CNBC https://t.co/YjGsZdtRaR',b'MPhilipOliver',[],8088,0,0,104
2020-05-18 14:20:42,"b""When you are in ICU medical coronavirus you will haven't mods for using Mobile device .... Breathing machine is not the best medical method..I can only tell you about that.World Herbal Medicine Association Founder Mr Wong Ka Kuen https://t.co/8VR6dBmM4a""",b'WongKaKuen',[],131,0,0,253
2020-05-18 14:20:41,b'@bheater In California apparently. Everyone was gleefully shooting video of the flyover at crowded beaches celebrating our victory over coronavirus.',b'fruhlinger',[],4863,0,0,148
2020-05-18 14:20:41,b'@MrColionNoir @Skillsetmag Colion rocking that new coronavirus haircut.',b'LamartGomillio1',[],1,0,0,71
2020-05-18 14:20:41,"b'Liz Peek: As coronavirus and Biden fade, Trump and economy get this good news https://t.co/TUcFJeUtZO #FoxNews'",b'alanw157',['FoxNews'],24127,0,0,110
2020-05-18 14:20:40,b'In our Podcast of the Day; Blaire Palmer \xe2\x80\x93 a digital nomad specialising in leadership \xe2\x80\x93 speaks about how the sudden shift to home working in the current coronavirus outbreak may impact the way we work in the future.Do you agree? Click here to listen; https://t.co/TEwmaTYYgl https://t.co/w6Y9zKzerx',b'EngagingWorks',[],585,0,0,302
2020-05-18 14:20:40,b'A medical technique popular in the first half of the 20th century for treating lung diseases could prove beneficial in treating coronavirus patients - a new study at @HUS_uutisoi   is looking at the possibilities. https://t.co/LxWnEbwz62',b'NewsNowFinland',[],2834,0,0,237
2020-05-18 14:20:40,"b'Vladimir Putin said Monday that the coronavirus situation in Dagestan required urgent attention and that the region should receive additional equipment, medicines and testshttps://t.co/lxlu288XR6'",b'MoscowTimes',[],135021,0,0,195
2020-05-18 14:20:40,"b'NO SPIKE in coronavirus in places reopening, U.S. health secretary says https://t.co/Db4uQIZT0S via @pamelageller'",b'FirebaughNorman',[],11971,0,0,113
2020-05-18 14:20:40,b'Why Belgium has recorded so many coronavirus deaths https://t.co/79pioUwzPD',b'AnalyticaGlobal',[],2435,0,0,75
2020-05-18 14:20:40,"b'\xe2\x80\x98Straight-Up Fire\xe2\x80\x99 in His Veins: Teen Battles New Covid Syndrome https://t.co/A8T8VvucQA Pure terror when a child gets sick like this. Watch your kids carefully. How marvelous that Jack is recovering and we wish him a healthy, happy, wonderful life.\xf0\x9f\x8c\x88\xf0\x9f\x91\x8d\xf0\x9f\x8f\xbc\xf0\x9f\x92\x99'",b'CoraSheldon',[],271,0,0,269
2020-05-18 14:20:40,b'WHO faces global call for investigation at general assembly https://t.co/sIEudNc3EW via @nbcnews China is doing what Trump refuses to do and that is taking charge of the COVID-19 situation!!!',b'ButchBrobst15',[],115,0,0,191
2020-05-18 14:20:39,"b'Idiots that believe Russian and Trump propaganda on fox.  US lockdown protests may have spread virus widely, cellphone data suggestshttps://t.co/Dczxwx7DcF'",b'deesbarbara',[],3823,0,0,155
2020-05-18 14:20:39,b'The House\xe2\x80\x99s latest coronavirus relief bill gives stimulus payments to unauthorized immigrants https://t.co/1gtDWcUBA7',b'MemesAndTruth',[],2061,0,0,119
2020-05-18 14:20:38,"b""@mitsy47002140 @DavidCornDC I'm sorry you are full of shit we have several major nursing homes that have no coronavirus in staff or in patients because of Andrew Cuomo.""",b'ThatsMissLori2U',[],345,0,0,168
2020-05-18 14:20:38,"b""CEO: Post-virus travel will be as fun as 'open-heart surgery' https://t.co/6U2rMZNyps""",b'CarterKvbbiz',[],894,0,0,85
2020-05-18 14:20:38,"b'Washington state ordered $227.5 million in coronavirus supplies from a Chinese firm, but deliveries have trickled in | The Seattle Times https://t.co/ovcOPz8Hgt'",b'Originalmugwug',[],1108,0,0,160
2020-05-18 14:20:38,"b'Trump\xe2\x80\x99s Top people at the at a bunch of Ignorant, Uneducated Fake Doctors who knows nothing as to what is need to do Coronavirus Test. https://t.co/D0D48wQEak'",b'DeniseLumpkin58',[],166,0,0,160
2020-05-18 14:20:37,"b'Indonesia reports 496 new coronavirus infections, 43 deaths https://t.co/wNivV3REbW #world #news https://t.co/dxhmwA3Gav'",b'WorldFishNews',"['world', 'news']",3,0,0,120
2020-05-18 14:20:36,"b""Live music lifts spirits in Burkina Faso's coronavirus curfew https://t.co/lviX7R1YLJ #world #news https://t.co/ywiQtALbfP""",b'WorldFishNews',"['world', 'news']",3,0,0,122
2020-05-18 14:20:36,b'Premier League clubs vote on return to training https://t.co/rHGI29DUUS',b'TheBusbyBabe',[],5495,0,0,71
2020-05-18 14:20:36,b'Maplewood Coronavirus Update: Township Exploring Option to Test Residents Locally https://t.co/IrkbXIsiIJ',b'TapintoSOMA',[],1027,0,0,105
2020-05-18 14:20:36,b'China announces it has three vaccines against the coronavirus in phase\xc2\xa02 https://t.co/2ao7anW7nT',b'En24_News',[],235,0,0,97
2020-05-18 14:20:36,"b'One in three patients who fall severely ill with #COVID develop deadly #bloodclots that trigger #heartattacks, #strokes and organ failure https://t.co/8WnfYErgXL'",b'mikeppahs',"['COVID', 'bloodclots', 'heartattacks', 'strokes']",3224,0,0,161
2020-05-18 14:20:36,b'@errollouis the vaccine grift is also getting kind of grift-y https://t.co/NTA6PIOwMi',b'davidgoldiner',[],1037,0,0,85
2020-05-18 14:20:35,"b""Special Report: 'Death Sentence' - the hidden coronavirus toll in U.S. jails and prisons https://t.co/qEylzJtle2 #world #news https://t.co/NmwgQALtbE""",b'WorldFishNews',"['world', 'news']",3,0,0,149
2020-05-18 14:20:35,b'@ThomasP11580995 @RLFARROW777 @bacarty2 @ClasiqueAffairs @KeeleyFox29 @GovMurphy @FOX29philly Isnt that the Harvard guy busted at the airport with active coronavirus. Gates should be extradited to Italy to stand trial',b'ToddCarden2',[],398,1,0,217
2020-05-18 14:20:35,"b'Is your business ready to go back to work ? If you need any #socialdistancing #Poster,#FloorStickers,#Signs please contact us.#stockport #manchester #printing #coronavirus #lockdown #brucebonus https://t.co/hdSJ1tphLV'",b'hb_printing',"['socialdistancing', 'Poster', 'FloorStickers', 'Signs', 'stockport', 'manchester', 'printing', 'coronavirus', 'lockdown', 'brucebonus']",1342,0,0,217
2020-05-18 14:20:35,"b""The Veggie Van was designed to serve areas that don't have easy access to grocery stores. Now, the program is using the flexibility of a produce department on wheels to fill new gaps created by the coronavirus: https://t.co/xstO2yM0uX @LocalMattersOrg""",b'PaigePfleger',[],4121,0,0,251
2020-05-18 14:20:35,b'Expert links Russia\xe2\x80\x99s low coronavirus death rate to high herd immunity:https://t.co/XtLZncjway https://t.co/ZA4l1brkvh',b'tassagency_en',[],60466,0,0,120
2020-05-18 14:20:34,b'#Coronavirus #obamaGate is still the top trend even if it is being hidden',b'robertrobq',"['Coronavirus', 'obamaGate']",26303,1,1,73
2020-05-18 14:20:34,b'Russian army sets up mobile hospital to fight coronavirus at Siberian gold mine https://t.co/v72rdPGsx8 #world #news https://t.co/u0968ZwYqS',b'WorldFishNews',"['world', 'news']",3,0,0,140
2020-05-18 14:20:34,"b'Hair stylists, barbers flooded with clients after coronavirus lockdown lifted https://t.co/GUkQ60x8Vd via @TheStarPress'",b'SafeStellar',[],99,0,0,119
2020-05-18 14:20:33,b'When the Outside Matters More Than Ever: 6 Curb Appeal Tricks To Attract Buyers During Coronavirus https://t.co/ewyusRSsS3 https://t.co/Ck1iajNfy4',b'JodieSellsHomes',[],40,0,0,146
2020-05-18 14:20:33,b'Gabriel Scally: Republic meets the tests to exit coronavirus lockdownvia @IrishTimeshttps://t.co/GWNrVFld6e A sobering distinction between north and south of this Ireland is explained by \xe2\x81\xa6our public health expert @GabrielScally\xe2\x81\xa9',b'MargaretWard1',[],4641,0,0,232
2020-05-18 14:20:33,"b'Beijing Dismisses \xe2\x80\x98Premature\xe2\x80\x98 Call for Inquiry into Chinese Coronavirus Okay, Investigate the WHO, Gates And Fauci Insteadhttps://t.co/F7NHrFPI4t'",b'GordyDoesNotLie',[],4442,0,0,149
2020-05-18 14:20:33,"b'21.5 Million ppl. 3% of population tested, and numbers continue to climb. Roughly 700 ppl per day testing positive. #wtpTEAM #OneVoice1 On eve of \xe2\x80\x98full\xe2\x80\x99 Phase One reopening, Florida reports 777 new coronavirus cases https://t.co/qaoAyIgonE'",b'Trek3871D',"['wtpTEAM', 'OneVoice1']",8651,0,0,243
2020-05-18 14:20:32,b'Trump administration ready for more coronavirus aid if needed: Hassett https://t.co/HsOBRgJ09s #world #news https://t.co/3oErqMQcDq',b'WorldFishNews',"['world', 'news']",3,0,0,131
